,Old Name,New Name,Flag system,Name Plot
0,Unnamed: 0,Unnamed: 0,0,Unnamed: 0
1,nb_neighbours_time_0,nb_neighbours_t0,0,nb_neighbours_t0
2,nb_neighbours_time_1,nb_neighbours_t1,0,nb_neighbours_t1
3,nb_neighbours_time_2,nb_neighbours_t2,0,nb_neighbours_t2
4,nb_neighbours_time_3,nb_neighbours_t3,0,nb_neighbours_t3
5,nb_neighbours_time_4,nb_neighbours_t4,0,nb_neighbours_t4
6,nb_neighbours_time_5,nb_neighbours_t5,0,nb_neighbours_t5
7,nb_neighbours_time_6,nb_neighbours_t6,0,nb_neighbours_t6
8,nb_neighbours_time_7,nb_neighbours_t7,0,nb_neighbours_t7
9,nb_neighbours_time_8,nb_neighbours_t8,0,nb_neighbours_t8
10,nb_neighbours_time_9,nb_neighbours_t9,0,nb_neighbours_t9
11,number_of_active_neighbour_time_0,number_of_active_neighbour_t0,0,number_of_active_neighbour_t0
12,number_of_active_neighbour_time_1,number_of_active_neighbour_t1,0,number_of_active_neighbour_t1
13,number_of_active_neighbour_time_2,number_of_active_neighbour_t2,0,number_of_active_neighbour_t2
14,number_of_active_neighbour_time_3,number_of_active_neighbour_t3,0,number_of_active_neighbour_t3
15,number_of_active_neighbour_time_4,number_of_active_neighbour_t4,0,number_of_active_neighbour_t4
16,number_of_active_neighbour_time_5,number_of_active_neighbour_t5,0,number_of_active_neighbour_t5
17,number_of_active_neighbour_time_6,number_of_active_neighbour_t6,0,number_of_active_neighbour_t6
18,number_of_active_neighbour_time_7,number_of_active_neighbour_t7,0,number_of_active_neighbour_t7
19,number_of_active_neighbour_time_8,number_of_active_neighbour_t8,0,number_of_active_neighbour_t8
20,number_of_active_neighbour_time_9,number_of_active_neighbour_t9,0,number_of_active_neighbour_t9
21,mean_position_neighbour_time_0,mean_position_neighbour_t0,0,mean_position_neighbour_t0
22,mean_position_neighbour_time_1,mean_position_neighbour_t1,0,mean_position_neighbour_t1
23,mean_position_neighbour_time_2,mean_position_neighbour_t2,0,mean_position_neighbour_t2
24,mean_position_neighbour_time_3,mean_position_neighbour_t3,0,mean_position_neighbour_t3
25,mean_position_neighbour_time_4,mean_position_neighbour_t4,0,mean_position_neighbour_t4
26,mean_position_neighbour_time_5,mean_position_neighbour_t5,0,mean_position_neighbour_t5
27,mean_position_neighbour_time_6,mean_position_neighbour_t6,0,mean_position_neighbour_t6
28,mean_position_neighbour_time_7,mean_position_neighbour_t7,0,mean_position_neighbour_t7
29,mean_position_neighbour_time_8,mean_position_neighbour_t8,0,mean_position_neighbour_t8
30,mean_position_neighbour_time_9,mean_position_neighbour_t9,0,mean_position_neighbour_t9
31,min_position_neighbour_time_0,min_position_neighbour_t0,0,min_position_neighbour_t0
32,min_position_neighbour_time_1,min_position_neighbour_t1,0,min_position_neighbour_t1
33,min_position_neighbour_time_2,min_position_neighbour_t2,0,min_position_neighbour_t2
34,min_position_neighbour_time_3,min_position_neighbour_t3,0,min_position_neighbour_t3
35,min_position_neighbour_time_4,min_position_neighbour_t4,0,min_position_neighbour_t4
36,min_position_neighbour_time_5,min_position_neighbour_t5,0,min_position_neighbour_t5
37,min_position_neighbour_time_6,min_position_neighbour_t6,0,min_position_neighbour_t6
38,min_position_neighbour_time_7,min_position_neighbour_t7,0,min_position_neighbour_t7
39,min_position_neighbour_time_8,min_position_neighbour_t8,0,min_position_neighbour_t8
40,min_position_neighbour_time_9,min_position_neighbour_t9,0,min_position_neighbour_t9
41,average_age_neighbour_time_0,average_age_neighbour_t0,0,average_age_neighbour_t0
42,average_age_neighbour_time_1,average_age_neighbour_t1,0,average_age_neighbour_t1
43,average_age_neighbour_time_2,average_age_neighbour_t2,0,average_age_neighbour_t2
44,average_age_neighbour_time_3,average_age_neighbour_t3,0,average_age_neighbour_t3
45,average_age_neighbour_time_4,average_age_neighbour_t4,0,average_age_neighbour_t4
46,average_age_neighbour_time_5,average_age_neighbour_t5,0,average_age_neighbour_t5
47,average_age_neighbour_time_6,average_age_neighbour_t6,0,average_age_neighbour_t6
48,average_age_neighbour_time_7,average_age_neighbour_t7,0,average_age_neighbour_t7
49,average_age_neighbour_time_8,average_age_neighbour_t8,0,average_age_neighbour_t8
50,average_age_neighbour_time_9,average_age_neighbour_t9,0,average_age_neighbour_t9
51,max_age_neighbour_time_0,max_age_neighbour_t0,0,max_age_neighbour_t0
52,max_age_neighbour_time_1,max_age_neighbour_t1,0,max_age_neighbour_t1
53,max_age_neighbour_time_2,max_age_neighbour_t2,0,max_age_neighbour_t2
54,max_age_neighbour_time_3,max_age_neighbour_t3,0,max_age_neighbour_t3
55,max_age_neighbour_time_4,max_age_neighbour_t4,0,max_age_neighbour_t4
56,max_age_neighbour_time_5,max_age_neighbour_t5,0,max_age_neighbour_t5
57,max_age_neighbour_time_6,max_age_neighbour_t6,0,max_age_neighbour_t6
58,max_age_neighbour_time_7,max_age_neighbour_t7,0,max_age_neighbour_t7
59,max_age_neighbour_time_8,max_age_neighbour_t8,0,max_age_neighbour_t8
60,max_age_neighbour_time_9,max_age_neighbour_t9,0,max_age_neighbour_t9
61,long_lived_neighbour_detected_time_0,long_tt0,0,long_tt0
62,long_lived_neighbour_detected_time_1,long_tt1,0,long_tt1
63,long_lived_neighbour_detected_time_2,long_tt2,0,long_tt2
64,long_lived_neighbour_detected_time_3,long_tt3,0,long_tt3
65,long_lived_neighbour_detected_time_4,long_tt4,0,long_tt4
66,long_lived_neighbour_detected_time_5,long_tt5,0,long_tt5
67,long_lived_neighbour_detected_time_6,long_tt6,0,long_tt6
68,long_lived_neighbour_detected_time_7,long_tt7,0,long_tt7
69,long_lived_neighbour_detected_time_8,long_tt8,0,long_tt8
70,long_lived_neighbour_detected_time_9,long_tt9,0,long_tt9
71, mean_interaction_power_time_0, mean_interaction_power_t0,0, mean_interaction_power_t0
72, mean_interaction_power_time_1, mean_interaction_power_t1,0, mean_interaction_power_t1
73, mean_interaction_power_time_2, mean_interaction_power_t2,0, mean_interaction_power_t2
74, mean_interaction_power_time_3, mean_interaction_power_t3,0, mean_interaction_power_t3
75, mean_interaction_power_time_4, mean_interaction_power_t4,0, mean_interaction_power_t4
76, mean_interaction_power_time_5, mean_interaction_power_t5,0, mean_interaction_power_t5
77, mean_interaction_power_time_6, mean_interaction_power_t6,0, mean_interaction_power_t6
78, mean_interaction_power_time_7, mean_interaction_power_t7,0, mean_interaction_power_t7
79, mean_interaction_power_time_8, mean_interaction_power_t8,0, mean_interaction_power_t8
80, mean_interaction_power_time_9, mean_interaction_power_t9,0, mean_interaction_power_t9
81, max_interaction_power_time_0, max_interaction_power_t0,0, max_interaction_power_t0
82, max_interaction_power_time_1, max_interaction_power_t1,0, max_interaction_power_t1
83, max_interaction_power_time_2, max_interaction_power_t2,0, max_interaction_power_t2
84, max_interaction_power_time_3, max_interaction_power_t3,0, max_interaction_power_t3
85, max_interaction_power_time_4, max_interaction_power_t4,0, max_interaction_power_t4
86, max_interaction_power_time_5, max_interaction_power_t5,0, max_interaction_power_t5
87, max_interaction_power_time_6, max_interaction_power_t6,0, max_interaction_power_t6
88, max_interaction_power_time_7, max_interaction_power_t7,0, max_interaction_power_t7
89, max_interaction_power_time_8, max_interaction_power_t8,0, max_interaction_power_t8
90, max_interaction_power_time_9, max_interaction_power_t9,0, max_interaction_power_t9
91,migration_dist_time_0,migration_distance_t0,1,migration_distance_t0*
92,migration_dist_time_1,migration_distance_t1,1,migration_distance_t1*
93,migration_dist_time_2,migration_distance_t2,1,migration_distance_t2*
94,migration_dist_time_3,migration_distance_t3,1,migration_distance_t3*
95,migration_dist_time_4,migration_distance_t4,1,migration_distance_t4*
96,migration_dist_time_5,migration_distance_t5,1,migration_distance_t5*
97,migration_dist_time_6,migration_distance_t6,1,migration_distance_t6*
98,migration_dist_time_7,migration_distance_t7,1,migration_distance_t7*
99,migration_dist_time_8,migration_distance_t8,1,migration_distance_t8*
100,migration_dist_time_9,migration_distance_t9,1,migration_distance_t9*
101,lat_time_0,lat_t0,0,lat_t0
102,lat_time_1,lat_t1,0,lat_t1
103,lat_time_2,lat_t2,0,lat_t2
104,lat_time_3,lat_t3,0,lat_t3
105,lat_time_4,lat_t4,0,lat_t4
106,lat_time_5,lat_t5,0,lat_t5
107,lat_time_6,lat_t6,0,lat_t6
108,lat_time_7,lat_t7,0,lat_t7
109,lat_time_8,lat_t8,0,lat_t8
110,lat_time_9,lat_t9,0,lat_t9
111,lon_time_0,lon_t0,0,lon_t0
112,lon_time_1,lon_t1,0,lon_t1
113,lon_time_2,lon_t2,0,lon_t2
114,lon_time_3,lon_t3,0,lon_t3
115,lon_time_4,lon_t4,0,lon_t4
116,lon_time_5,lon_t5,0,lon_t5
117,lon_time_6,lon_t6,0,lon_t6
118,lon_time_7,lon_t7,0,lon_t7
119,lon_time_8,lon_t8,0,lon_t8
120,lon_time_9,lon_t9,0,lon_t9
121,mean_divergence_omega_time_0,,0,
122,mean_divergence_omega_time_1,,0,
123,mean_divergence_omega_time_2,,0,
124,mean_divergence_omega_time_3,,0,
125,mean_divergence_omega_time_4,,0,
126,mean_divergence_omega_time_5,,0,
127,mean_divergence_omega_time_6,,0,
128,mean_divergence_omega_time_7,,0,
129,mean_divergence_omega_time_8,,0,
130,mean_divergence_omega_time_9,,0,
131,div_full_image_time_0,mn_ts_div_UV_t0,0,mn_ts_div_UV_t0
132,div_full_image_time_1,mn_ts_div_UV_t1,0,mn_ts_div_UV_t1
133,div_full_image_time_2,mn_ts_div_UV_t2,0,mn_ts_div_UV_t2
134,div_full_image_time_3,mn_ts_div_UV_t3,0,mn_ts_div_UV_t3
135,div_full_image_time_4,mn_ts_div_UV_t4,0,mn_ts_div_UV_t4
136,div_full_image_time_5,mn_ts_div_UV_t5,0,mn_ts_div_UV_t5
137,div_full_image_time_6,mn_ts_div_UV_t6,0,mn_ts_div_UV_t6
138,div_full_image_time_7,mn_ts_div_UV_t7,0,mn_ts_div_UV_t7
139,div_full_image_time_8,mn_ts_div_UV_t8,0,mn_ts_div_UV_t8
140,div_full_image_time_9,mn_ts_div_UV_t9,0,mn_ts_div_UV_t9
141,div_mask_mcs_time_0,mn_uc_div_UV_t0,1,mn_uc_div_UV_t0*
142,div_mask_mcs_time_1,mn_uc_div_UV_t1,1,mn_uc_div_UV_t1*
143,div_mask_mcs_time_2,mn_uc_div_UV_t2,1,mn_uc_div_UV_t2*
144,div_mask_mcs_time_3,mn_uc_div_UV_t3,1,mn_uc_div_UV_t3*
145,div_mask_mcs_time_4,mn_uc_div_UV_t4,1,mn_uc_div_UV_t4*
146,div_mask_mcs_time_5,mn_uc_div_UV_t5,1,mn_uc_div_UV_t5*
147,div_mask_mcs_time_6,mn_uc_div_UV_t6,1,mn_uc_div_UV_t6*
148,div_mask_mcs_time_7,mn_uc_div_UV_t7,1,mn_uc_div_UV_t7*
149,div_mask_mcs_time_8,mn_uc_div_UV_t8,1,mn_uc_div_UV_t8*
150,div_mask_mcs_time_9,mn_uc_div_UV_t9,1,mn_uc_div_UV_t9*
151,div_mask_neighbours_time_0,mn_ns_div_UV_t0,0,mn_ns_div_UV_t0
152,div_mask_neighbours_time_1,mn_ns_div_UV_t1,0,mn_ns_div_UV_t1
153,div_mask_neighbours_time_2,mn_ns_div_UV_t2,0,mn_ns_div_UV_t2
154,div_mask_neighbours_time_3,mn_ns_div_UV_t3,0,mn_ns_div_UV_t3
155,div_mask_neighbours_time_4,mn_ns_div_UV_t4,0,mn_ns_div_UV_t4
156,div_mask_neighbours_time_5,mn_ns_div_UV_t5,0,mn_ns_div_UV_t5
157,div_mask_neighbours_time_6,mn_ns_div_UV_t6,0,mn_ns_div_UV_t6
158,div_mask_neighbours_time_7,mn_ns_div_UV_t7,0,mn_ns_div_UV_t7
159,div_mask_neighbours_time_8,mn_ns_div_UV_t8,0,mn_ns_div_UV_t8
160,div_mask_neighbours_time_9,mn_ns_div_UV_t9,0,mn_ns_div_UV_t9
161,div_anti_mask_time_0,mn_es_div_UV_t0,0,mn_es_div_UV_t0
162,div_anti_mask_time_1,mn_es_div_UV_t1,0,mn_es_div_UV_t1
163,div_anti_mask_time_2,mn_es_div_UV_t2,0,mn_es_div_UV_t2
164,div_anti_mask_time_3,mn_es_div_UV_t3,0,mn_es_div_UV_t3
165,div_anti_mask_time_4,mn_es_div_UV_t4,0,mn_es_div_UV_t4
166,div_anti_mask_time_5,mn_es_div_UV_t5,0,mn_es_div_UV_t5
167,div_anti_mask_time_6,mn_es_div_UV_t6,0,mn_es_div_UV_t6
168,div_anti_mask_time_7,mn_es_div_UV_t7,0,mn_es_div_UV_t7
169,div_anti_mask_time_8,mn_es_div_UV_t8,0,mn_es_div_UV_t8
170,div_anti_mask_time_9,mn_es_div_UV_t9,0,mn_es_div_UV_t9
171,mcs_area_time_0,dcs_area_t0,0,dcs_area_t0
172,mcs_area_time_1,dcs_area_t1,0,dcs_area_t1
173,mcs_area_time_2,dcs_area_t2,0,dcs_area_t2
174,mcs_area_time_3,dcs_area_t3,0,dcs_area_t3
175,mcs_area_time_4,dcs_area_t4,0,dcs_area_t4
176,mcs_area_time_5,dcs_area_t5,0,dcs_area_t5
177,mcs_area_time_6,dcs_area_t6,0,dcs_area_t6
178,mcs_area_time_7,dcs_area_t7,0,dcs_area_t7
179,mcs_area_time_8,dcs_area_t8,0,dcs_area_t8
180,mcs_area_time_9,dcs_area_t9,0,dcs_area_t9
181,gradient_area_time_0,growth_rate_t0,1,growth_rate_t0*
182,gradient_area_time_1,growth_rate_t1,1,growth_rate_t1*
183,gradient_area_time_2,growth_rate_t2,1,growth_rate_t2*
184,gradient_area_time_3,growth_rate_t3,1,growth_rate_t3*
185,gradient_area_time_4,growth_rate_t4,1,growth_rate_t4*
186,gradient_area_time_5,growth_rate_t5,1,growth_rate_t5*
187,gradient_area_time_6,growth_rate_t6,1,growth_rate_t6*
188,gradient_area_time_7,growth_rate_t7,1,growth_rate_t7*
189,gradient_area_time_8,growth_rate_t8,1,growth_rate_t8*
190,gradient_area_time_9,growth_rate_t9,1,growth_rate_t9*
191,all_mcs_area_time_0,dcs_area_t0,0,dcs_area_t0
192,all_mcs_area_time_1,dcs_area_t1,0,dcs_area_t1
193,all_mcs_area_time_2,dcs_area_t2,0,dcs_area_t2
194,all_mcs_area_time_3,dcs_area_t3,0,dcs_area_t3
195,all_mcs_area_time_4,dcs_area_t4,0,dcs_area_t4
196,all_mcs_area_time_5,dcs_area_t5,0,dcs_area_t5
197,all_mcs_area_time_6,dcs_area_t6,0,dcs_area_t6
198,all_mcs_area_time_7,dcs_area_t7,0,dcs_area_t7
199,all_mcs_area_time_8,dcs_area_t8,0,dcs_area_t8
200,all_mcs_area_time_9,dcs_area_t9,0,dcs_area_t9
201,average_diameter_time_0,average_diameter_time_0,1,average_diameter_time_0*
202,average_diameter_time_1,average_diameter_time_1,1,average_diameter_time_1*
203,average_diameter_time_2,average_diameter_time_2,1,average_diameter_time_2*
204,average_diameter_time_3,average_diameter_time_3,1,average_diameter_time_3*
205,average_diameter_time_4,average_diameter_time_4,1,average_diameter_time_4*
206,average_diameter_time_5,average_diameter_time_5,1,average_diameter_time_5*
207,average_diameter_time_6,average_diameter_time_6,1,average_diameter_time_6*
208,average_diameter_time_7,average_diameter_time_7,1,average_diameter_time_7*
209,average_diameter_time_8,average_diameter_time_8,1,average_diameter_time_8*
210,average_diameter_time_9,average_diameter_time_9,1,average_diameter_time_9*
211,eccentricity_132_time_0,eccentricity_envelop_t0,1,eccentricity_envelop_t0*
212,eccentricity_132_time_1,eccentricity_envelop_t1,1,eccentricity_envelop_t1*
213,eccentricity_132_time_2,eccentricity_envelop_t2,1,eccentricity_envelop_t2*
214,eccentricity_132_time_3,eccentricity_envelop_t3,1,eccentricity_envelop_t3*
215,eccentricity_132_time_4,eccentricity_envelop_t4,1,eccentricity_envelop_t4*
216,eccentricity_132_time_5,eccentricity_envelop_t5,1,eccentricity_envelop_t5*
217,eccentricity_132_time_6,eccentricity_envelop_t6,1,eccentricity_envelop_t6*
218,eccentricity_132_time_7,eccentricity_envelop_t7,1,eccentricity_envelop_t7*
219,eccentricity_132_time_8,eccentricity_envelop_t8,1,eccentricity_envelop_t8*
220,eccentricity_132_time_9,eccentricity_envelop_t9,1,eccentricity_envelop_t9*
221,eccentricity_172_time_0,eccentricity_core_t0,1,eccentricity_core_t0*
222,eccentricity_172_time_1,eccentricity_core_t1,1,eccentricity_core_t1*
223,eccentricity_172_time_2,eccentricity_core_t2,1,eccentricity_core_t2*
224,eccentricity_172_time_3,eccentricity_core_t3,1,eccentricity_core_t3*
225,eccentricity_172_time_4,eccentricity_core_t4,1,eccentricity_core_t4*
226,eccentricity_172_time_5,eccentricity_core_t5,1,eccentricity_core_t5*
227,eccentricity_172_time_6,eccentricity_core_t6,1,eccentricity_core_t6*
228,eccentricity_172_time_7,eccentricity_core_t7,1,eccentricity_core_t7*
229,eccentricity_172_time_8,eccentricity_core_t8,1,eccentricity_core_t8*
230,eccentricity_172_time_9,eccentricity_core_t9,1,eccentricity_core_t9*
231,mean_everywhere_var_1_time_0,mn_ts_v1_t0,0,mn_ts_v1_t0
232,mean_everywhere_var_2_time_0,mn_ts_v2_t0,0,mn_ts_v2_t0
233,mean_everywhere_var_3_time_0,mn_ts_v3_t0,0,mn_ts_v3_t0
234,mean_everywhere_var_4_time_0,mn_ts_v4_t0,0,mn_ts_v4_t0
235,mean_everywhere_var_5_time_0,mn_ts_v5_t0,0,mn_ts_v5_t0
236,mean_everywhere_var_6_time_0,mn_ts_v6_t0,0,mn_ts_v6_t0
237,mean_everywhere_var_7_time_0,mn_ts_v7_t0,0,mn_ts_v7_t0
238,mean_everywhere_var_8_time_0,mn_ts_v8_t0,0,mn_ts_v8_t0
239,mean_everywhere_var_9_time_0,mn_ts_v9_t0,0,mn_ts_v9_t0
240,mean_everywhere_var_10_time_0,mn_ts_v10_t0,0,mn_ts_v10_t0
241,mean_everywhere_var_11_time_0,mn_ts_v11_t0,0,mn_ts_v11_t0
242,mean_everywhere_var_12_time_0,mn_ts_v12_t0,0,mn_ts_v12_t0
243,mean_everywhere_var_13_time_0,mn_ts_v13_t0,0,mn_ts_v13_t0
244,mean_everywhere_var_14_time_0,mn_ts_v14_t0,0,mn_ts_v14_t0
245,mean_everywhere_var_15_time_0,mn_ts_v15_t0,0,mn_ts_v15_t0
246,mean_everywhere_var_16_time_0,mn_ts_v16_t0,0,mn_ts_v16_t0
247,mean_everywhere_var_17_time_0,mn_ts_v17_t0,0,mn_ts_v17_t0
248,mean_everywhere_var_18_time_0,mn_ts_v18_t0,0,mn_ts_v18_t0
249,mean_everywhere_var_19_time_0,mn_ts_v19_t0,0,mn_ts_v19_t0
250,mean_everywhere_var_1_time_1,mn_ts_v1_t1,0,mn_ts_v1_t1
251,mean_everywhere_var_2_time_1,mn_ts_v2_t1,0,mn_ts_v2_t1
252,mean_everywhere_var_3_time_1,mn_ts_v3_t1,0,mn_ts_v3_t1
253,mean_everywhere_var_4_time_1,mn_ts_v4_t1,0,mn_ts_v4_t1
254,mean_everywhere_var_5_time_1,mn_ts_v5_t1,0,mn_ts_v5_t1
255,mean_everywhere_var_6_time_1,mn_ts_v6_t1,0,mn_ts_v6_t1
256,mean_everywhere_var_7_time_1,mn_ts_v7_t1,0,mn_ts_v7_t1
257,mean_everywhere_var_8_time_1,mn_ts_v8_t1,0,mn_ts_v8_t1
258,mean_everywhere_var_9_time_1,mn_ts_v9_t1,0,mn_ts_v9_t1
259,mean_everywhere_var_10_time_1,mn_ts_v10_t1,0,mn_ts_v10_t1
260,mean_everywhere_var_11_time_1,mn_ts_v11_t1,0,mn_ts_v11_t1
261,mean_everywhere_var_12_time_1,mn_ts_v12_t1,0,mn_ts_v12_t1
262,mean_everywhere_var_13_time_1,mn_ts_v13_t1,0,mn_ts_v13_t1
263,mean_everywhere_var_14_time_1,mn_ts_v14_t1,0,mn_ts_v14_t1
264,mean_everywhere_var_15_time_1,mn_ts_v15_t1,0,mn_ts_v15_t1
265,mean_everywhere_var_16_time_1,mn_ts_v16_t1,0,mn_ts_v16_t1
266,mean_everywhere_var_17_time_1,mn_ts_v17_t1,0,mn_ts_v17_t1
267,mean_everywhere_var_18_time_1,mn_ts_v18_t1,0,mn_ts_v18_t1
268,mean_everywhere_var_19_time_1,mn_ts_v19_t1,0,mn_ts_v19_t1
269,mean_everywhere_var_1_time_2,mn_ts_v1_t2,0,mn_ts_v1_t2
270,mean_everywhere_var_2_time_2,mn_ts_v2_t2,0,mn_ts_v2_t2
271,mean_everywhere_var_3_time_2,mn_ts_v3_t2,0,mn_ts_v3_t2
272,mean_everywhere_var_4_time_2,mn_ts_v4_t2,0,mn_ts_v4_t2
273,mean_everywhere_var_5_time_2,mn_ts_v5_t2,0,mn_ts_v5_t2
274,mean_everywhere_var_6_time_2,mn_ts_v6_t2,0,mn_ts_v6_t2
275,mean_everywhere_var_7_time_2,mn_ts_v7_t2,0,mn_ts_v7_t2
276,mean_everywhere_var_8_time_2,mn_ts_v8_t2,0,mn_ts_v8_t2
277,mean_everywhere_var_9_time_2,mn_ts_v9_t2,0,mn_ts_v9_t2
278,mean_everywhere_var_10_time_2,mn_ts_v10_t2,0,mn_ts_v10_t2
279,mean_everywhere_var_11_time_2,mn_ts_v11_t2,0,mn_ts_v11_t2
280,mean_everywhere_var_12_time_2,mn_ts_v12_t2,0,mn_ts_v12_t2
281,mean_everywhere_var_13_time_2,mn_ts_v13_t2,0,mn_ts_v13_t2
282,mean_everywhere_var_14_time_2,mn_ts_v14_t2,0,mn_ts_v14_t2
283,mean_everywhere_var_15_time_2,mn_ts_v15_t2,0,mn_ts_v15_t2
284,mean_everywhere_var_16_time_2,mn_ts_v16_t2,0,mn_ts_v16_t2
285,mean_everywhere_var_17_time_2,mn_ts_v17_t2,0,mn_ts_v17_t2
286,mean_everywhere_var_18_time_2,mn_ts_v18_t2,0,mn_ts_v18_t2
287,mean_everywhere_var_19_time_2,mn_ts_v19_t2,0,mn_ts_v19_t2
288,mean_everywhere_var_1_time_3,mn_ts_v1_t3,0,mn_ts_v1_t3
289,mean_everywhere_var_2_time_3,mn_ts_v2_t3,0,mn_ts_v2_t3
290,mean_everywhere_var_3_time_3,mn_ts_v3_t3,0,mn_ts_v3_t3
291,mean_everywhere_var_4_time_3,mn_ts_v4_t3,0,mn_ts_v4_t3
292,mean_everywhere_var_5_time_3,mn_ts_v5_t3,0,mn_ts_v5_t3
293,mean_everywhere_var_6_time_3,mn_ts_v6_t3,0,mn_ts_v6_t3
294,mean_everywhere_var_7_time_3,mn_ts_v7_t3,0,mn_ts_v7_t3
295,mean_everywhere_var_8_time_3,mn_ts_v8_t3,0,mn_ts_v8_t3
296,mean_everywhere_var_9_time_3,mn_ts_v9_t3,0,mn_ts_v9_t3
297,mean_everywhere_var_10_time_3,mn_ts_v10_t3,0,mn_ts_v10_t3
298,mean_everywhere_var_11_time_3,mn_ts_v11_t3,0,mn_ts_v11_t3
299,mean_everywhere_var_12_time_3,mn_ts_v12_t3,0,mn_ts_v12_t3
300,mean_everywhere_var_13_time_3,mn_ts_v13_t3,0,mn_ts_v13_t3
301,mean_everywhere_var_14_time_3,mn_ts_v14_t3,0,mn_ts_v14_t3
302,mean_everywhere_var_15_time_3,mn_ts_v15_t3,0,mn_ts_v15_t3
303,mean_everywhere_var_16_time_3,mn_ts_v16_t3,0,mn_ts_v16_t3
304,mean_everywhere_var_17_time_3,mn_ts_v17_t3,0,mn_ts_v17_t3
305,mean_everywhere_var_18_time_3,mn_ts_v18_t3,0,mn_ts_v18_t3
306,mean_everywhere_var_19_time_3,mn_ts_v19_t3,0,mn_ts_v19_t3
307,mean_everywhere_var_1_time_4,mn_ts_v1_t4,0,mn_ts_v1_t4
308,mean_everywhere_var_2_time_4,mn_ts_v2_t4,0,mn_ts_v2_t4
309,mean_everywhere_var_3_time_4,mn_ts_v3_t4,0,mn_ts_v3_t4
310,mean_everywhere_var_4_time_4,mn_ts_v4_t4,0,mn_ts_v4_t4
311,mean_everywhere_var_5_time_4,mn_ts_v5_t4,0,mn_ts_v5_t4
312,mean_everywhere_var_6_time_4,mn_ts_v6_t4,0,mn_ts_v6_t4
313,mean_everywhere_var_7_time_4,mn_ts_v7_t4,0,mn_ts_v7_t4
314,mean_everywhere_var_8_time_4,mn_ts_v8_t4,0,mn_ts_v8_t4
315,mean_everywhere_var_9_time_4,mn_ts_v9_t4,0,mn_ts_v9_t4
316,mean_everywhere_var_10_time_4,mn_ts_v10_t4,0,mn_ts_v10_t4
317,mean_everywhere_var_11_time_4,mn_ts_v11_t4,0,mn_ts_v11_t4
318,mean_everywhere_var_12_time_4,mn_ts_v12_t4,0,mn_ts_v12_t4
319,mean_everywhere_var_13_time_4,mn_ts_v13_t4,0,mn_ts_v13_t4
320,mean_everywhere_var_14_time_4,mn_ts_v14_t4,0,mn_ts_v14_t4
321,mean_everywhere_var_15_time_4,mn_ts_v15_t4,0,mn_ts_v15_t4
322,mean_everywhere_var_16_time_4,mn_ts_v16_t4,0,mn_ts_v16_t4
323,mean_everywhere_var_17_time_4,mn_ts_v17_t4,0,mn_ts_v17_t4
324,mean_everywhere_var_18_time_4,mn_ts_v18_t4,0,mn_ts_v18_t4
325,mean_everywhere_var_19_time_4,mn_ts_v19_t4,0,mn_ts_v19_t4
326,mean_everywhere_var_1_time_5,mn_ts_v1_t5,0,mn_ts_v1_t5
327,mean_everywhere_var_2_time_5,mn_ts_v2_t5,0,mn_ts_v2_t5
328,mean_everywhere_var_3_time_5,mn_ts_v3_t5,0,mn_ts_v3_t5
329,mean_everywhere_var_4_time_5,mn_ts_v4_t5,0,mn_ts_v4_t5
330,mean_everywhere_var_5_time_5,mn_ts_v5_t5,0,mn_ts_v5_t5
331,mean_everywhere_var_6_time_5,mn_ts_v6_t5,0,mn_ts_v6_t5
332,mean_everywhere_var_7_time_5,mn_ts_v7_t5,0,mn_ts_v7_t5
333,mean_everywhere_var_8_time_5,mn_ts_v8_t5,0,mn_ts_v8_t5
334,mean_everywhere_var_9_time_5,mn_ts_v9_t5,0,mn_ts_v9_t5
335,mean_everywhere_var_10_time_5,mn_ts_v10_t5,0,mn_ts_v10_t5
336,mean_everywhere_var_11_time_5,mn_ts_v11_t5,0,mn_ts_v11_t5
337,mean_everywhere_var_12_time_5,mn_ts_v12_t5,0,mn_ts_v12_t5
338,mean_everywhere_var_13_time_5,mn_ts_v13_t5,0,mn_ts_v13_t5
339,mean_everywhere_var_14_time_5,mn_ts_v14_t5,0,mn_ts_v14_t5
340,mean_everywhere_var_15_time_5,mn_ts_v15_t5,0,mn_ts_v15_t5
341,mean_everywhere_var_16_time_5,mn_ts_v16_t5,0,mn_ts_v16_t5
342,mean_everywhere_var_17_time_5,mn_ts_v17_t5,0,mn_ts_v17_t5
343,mean_everywhere_var_18_time_5,mn_ts_v18_t5,0,mn_ts_v18_t5
344,mean_everywhere_var_19_time_5,mn_ts_v19_t5,0,mn_ts_v19_t5
345,mean_everywhere_var_1_time_6,mn_ts_v1_t6,0,mn_ts_v1_t6
346,mean_everywhere_var_2_time_6,mn_ts_v2_t6,0,mn_ts_v2_t6
347,mean_everywhere_var_3_time_6,mn_ts_v3_t6,0,mn_ts_v3_t6
348,mean_everywhere_var_4_time_6,mn_ts_v4_t6,0,mn_ts_v4_t6
349,mean_everywhere_var_5_time_6,mn_ts_v5_t6,0,mn_ts_v5_t6
350,mean_everywhere_var_6_time_6,mn_ts_v6_t6,0,mn_ts_v6_t6
351,mean_everywhere_var_7_time_6,mn_ts_v7_t6,0,mn_ts_v7_t6
352,mean_everywhere_var_8_time_6,mn_ts_v8_t6,0,mn_ts_v8_t6
353,mean_everywhere_var_9_time_6,mn_ts_v9_t6,0,mn_ts_v9_t6
354,mean_everywhere_var_10_time_6,mn_ts_v10_t6,0,mn_ts_v10_t6
355,mean_everywhere_var_11_time_6,mn_ts_v11_t6,0,mn_ts_v11_t6
356,mean_everywhere_var_12_time_6,mn_ts_v12_t6,0,mn_ts_v12_t6
357,mean_everywhere_var_13_time_6,mn_ts_v13_t6,0,mn_ts_v13_t6
358,mean_everywhere_var_14_time_6,mn_ts_v14_t6,0,mn_ts_v14_t6
359,mean_everywhere_var_15_time_6,mn_ts_v15_t6,0,mn_ts_v15_t6
360,mean_everywhere_var_16_time_6,mn_ts_v16_t6,0,mn_ts_v16_t6
361,mean_everywhere_var_17_time_6,mn_ts_v17_t6,0,mn_ts_v17_t6
362,mean_everywhere_var_18_time_6,mn_ts_v18_t6,0,mn_ts_v18_t6
363,mean_everywhere_var_19_time_6,mn_ts_v19_t6,0,mn_ts_v19_t6
364,mean_everywhere_var_1_time_7,mn_ts_v1_t7,0,mn_ts_v1_t7
365,mean_everywhere_var_2_time_7,mn_ts_v2_t7,0,mn_ts_v2_t7
366,mean_everywhere_var_3_time_7,mn_ts_v3_t7,0,mn_ts_v3_t7
367,mean_everywhere_var_4_time_7,mn_ts_v4_t7,0,mn_ts_v4_t7
368,mean_everywhere_var_5_time_7,mn_ts_v5_t7,0,mn_ts_v5_t7
369,mean_everywhere_var_6_time_7,mn_ts_v6_t7,0,mn_ts_v6_t7
370,mean_everywhere_var_7_time_7,mn_ts_v7_t7,0,mn_ts_v7_t7
371,mean_everywhere_var_8_time_7,mn_ts_v8_t7,0,mn_ts_v8_t7
372,mean_everywhere_var_9_time_7,mn_ts_v9_t7,0,mn_ts_v9_t7
373,mean_everywhere_var_10_time_7,mn_ts_v10_t7,0,mn_ts_v10_t7
374,mean_everywhere_var_11_time_7,mn_ts_v11_t7,0,mn_ts_v11_t7
375,mean_everywhere_var_12_time_7,mn_ts_v12_t7,0,mn_ts_v12_t7
376,mean_everywhere_var_13_time_7,mn_ts_v13_t7,0,mn_ts_v13_t7
377,mean_everywhere_var_14_time_7,mn_ts_v14_t7,0,mn_ts_v14_t7
378,mean_everywhere_var_15_time_7,mn_ts_v15_t7,0,mn_ts_v15_t7
379,mean_everywhere_var_16_time_7,mn_ts_v16_t7,0,mn_ts_v16_t7
380,mean_everywhere_var_17_time_7,mn_ts_v17_t7,0,mn_ts_v17_t7
381,mean_everywhere_var_18_time_7,mn_ts_v18_t7,0,mn_ts_v18_t7
382,mean_everywhere_var_19_time_7,mn_ts_v19_t7,0,mn_ts_v19_t7
383,mean_everywhere_var_1_time_8,mn_ts_v1_t8,0,mn_ts_v1_t8
384,mean_everywhere_var_2_time_8,mn_ts_v2_t8,0,mn_ts_v2_t8
385,mean_everywhere_var_3_time_8,mn_ts_v3_t8,0,mn_ts_v3_t8
386,mean_everywhere_var_4_time_8,mn_ts_v4_t8,0,mn_ts_v4_t8
387,mean_everywhere_var_5_time_8,mn_ts_v5_t8,0,mn_ts_v5_t8
388,mean_everywhere_var_6_time_8,mn_ts_v6_t8,0,mn_ts_v6_t8
389,mean_everywhere_var_7_time_8,mn_ts_v7_t8,0,mn_ts_v7_t8
390,mean_everywhere_var_8_time_8,mn_ts_v8_t8,0,mn_ts_v8_t8
391,mean_everywhere_var_9_time_8,mn_ts_v9_t8,0,mn_ts_v9_t8
392,mean_everywhere_var_10_time_8,mn_ts_v10_t8,0,mn_ts_v10_t8
393,mean_everywhere_var_11_time_8,mn_ts_v11_t8,0,mn_ts_v11_t8
394,mean_everywhere_var_12_time_8,mn_ts_v12_t8,0,mn_ts_v12_t8
395,mean_everywhere_var_13_time_8,mn_ts_v13_t8,0,mn_ts_v13_t8
396,mean_everywhere_var_14_time_8,mn_ts_v14_t8,0,mn_ts_v14_t8
397,mean_everywhere_var_15_time_8,mn_ts_v15_t8,0,mn_ts_v15_t8
398,mean_everywhere_var_16_time_8,mn_ts_v16_t8,0,mn_ts_v16_t8
399,mean_everywhere_var_17_time_8,mn_ts_v17_t8,0,mn_ts_v17_t8
400,mean_everywhere_var_18_time_8,mn_ts_v18_t8,0,mn_ts_v18_t8
401,mean_everywhere_var_19_time_8,mn_ts_v19_t8,0,mn_ts_v19_t8
402,mean_everywhere_var_1_time_9,mn_ts_v1_t9,0,mn_ts_v1_t9
403,mean_everywhere_var_2_time_9,mn_ts_v2_t9,0,mn_ts_v2_t9
404,mean_everywhere_var_3_time_9,mn_ts_v3_t9,0,mn_ts_v3_t9
405,mean_everywhere_var_4_time_9,mn_ts_v4_t9,0,mn_ts_v4_t9
406,mean_everywhere_var_5_time_9,mn_ts_v5_t9,0,mn_ts_v5_t9
407,mean_everywhere_var_6_time_9,mn_ts_v6_t9,0,mn_ts_v6_t9
408,mean_everywhere_var_7_time_9,mn_ts_v7_t9,0,mn_ts_v7_t9
409,mean_everywhere_var_8_time_9,mn_ts_v8_t9,0,mn_ts_v8_t9
410,mean_everywhere_var_9_time_9,mn_ts_v9_t9,0,mn_ts_v9_t9
411,mean_everywhere_var_10_time_9,mn_ts_v10_t9,0,mn_ts_v10_t9
412,mean_everywhere_var_11_time_9,mn_ts_v11_t9,0,mn_ts_v11_t9
413,mean_everywhere_var_12_time_9,mn_ts_v12_t9,0,mn_ts_v12_t9
414,mean_everywhere_var_13_time_9,mn_ts_v13_t9,0,mn_ts_v13_t9
415,mean_everywhere_var_14_time_9,mn_ts_v14_t9,0,mn_ts_v14_t9
416,mean_everywhere_var_15_time_9,mn_ts_v15_t9,0,mn_ts_v15_t9
417,mean_everywhere_var_16_time_9,mn_ts_v16_t9,0,mn_ts_v16_t9
418,mean_everywhere_var_17_time_9,mn_ts_v17_t9,0,mn_ts_v17_t9
419,mean_everywhere_var_18_time_9,mn_ts_v18_t9,0,mn_ts_v18_t9
420,mean_everywhere_var_19_time_9,mn_ts_v19_t9,0,mn_ts_v19_t9
421,mean_under_cloud_var_1_time_0,mn_uc_v1_t0,1,mn_uc_v1_t0*
422,mean_under_cloud_var_2_time_0,mn_uc_v2_t0,1,mn_uc_v2_t0*
423,mean_under_cloud_var_3_time_0,mn_uc_v3_t0,1,mn_uc_v3_t0*
424,mean_under_cloud_var_4_time_0,mn_uc_v4_t0,1,mn_uc_v4_t0*
425,mean_under_cloud_var_5_time_0,mn_uc_v5_t0,1,mn_uc_v5_t0*
426,mean_under_cloud_var_6_time_0,mn_uc_v6_t0,1,mn_uc_v6_t0*
427,mean_under_cloud_var_7_time_0,mn_uc_v7_t0,1,mn_uc_v7_t0*
428,mean_under_cloud_var_8_time_0,mn_uc_v8_t0,1,mn_uc_v8_t0*
429,mean_under_cloud_var_9_time_0,mn_uc_v9_t0,1,mn_uc_v9_t0*
430,mean_under_cloud_var_10_time_0,mn_uc_v10_t0,1,mn_uc_v10_t0*
431,mean_under_cloud_var_11_time_0,mn_uc_v11_t0,1,mn_uc_v11_t0*
432,mean_under_cloud_var_12_time_0,mn_uc_v12_t0,1,mn_uc_v12_t0*
433,mean_under_cloud_var_13_time_0,mn_uc_v13_t0,1,mn_uc_v13_t0*
434,mean_under_cloud_var_14_time_0,mn_uc_v14_t0,1,mn_uc_v14_t0*
435,mean_under_cloud_var_15_time_0,mn_uc_v15_t0,1,mn_uc_v15_t0*
436,mean_under_cloud_var_16_time_0,mn_uc_v16_t0,1,mn_uc_v16_t0*
437,mean_under_cloud_var_17_time_0,mn_uc_v17_t0,1,mn_uc_v17_t0*
438,mean_under_cloud_var_18_time_0,mn_uc_v18_t0,1,mn_uc_v18_t0*
439,mean_under_cloud_var_19_time_0,mn_uc_v19_t0,1,mn_uc_v19_t0*
440,mean_under_cloud_var_1_time_1,mn_uc_v1_t1,1,mn_uc_v1_t1*
441,mean_under_cloud_var_2_time_1,mn_uc_v2_t1,1,mn_uc_v2_t1*
442,mean_under_cloud_var_3_time_1,mn_uc_v3_t1,1,mn_uc_v3_t1*
443,mean_under_cloud_var_4_time_1,mn_uc_v4_t1,1,mn_uc_v4_t1*
444,mean_under_cloud_var_5_time_1,mn_uc_v5_t1,1,mn_uc_v5_t1*
445,mean_under_cloud_var_6_time_1,mn_uc_v6_t1,1,mn_uc_v6_t1*
446,mean_under_cloud_var_7_time_1,mn_uc_v7_t1,1,mn_uc_v7_t1*
447,mean_under_cloud_var_8_time_1,mn_uc_v8_t1,1,mn_uc_v8_t1*
448,mean_under_cloud_var_9_time_1,mn_uc_v9_t1,1,mn_uc_v9_t1*
449,mean_under_cloud_var_10_time_1,mn_uc_v10_t1,1,mn_uc_v10_t1*
450,mean_under_cloud_var_11_time_1,mn_uc_v11_t1,1,mn_uc_v11_t1*
451,mean_under_cloud_var_12_time_1,mn_uc_v12_t1,1,mn_uc_v12_t1*
452,mean_under_cloud_var_13_time_1,mn_uc_v13_t1,1,mn_uc_v13_t1*
453,mean_under_cloud_var_14_time_1,mn_uc_v14_t1,1,mn_uc_v14_t1*
454,mean_under_cloud_var_15_time_1,mn_uc_v15_t1,1,mn_uc_v15_t1*
455,mean_under_cloud_var_16_time_1,mn_uc_v16_t1,1,mn_uc_v16_t1*
456,mean_under_cloud_var_17_time_1,mn_uc_v17_t1,1,mn_uc_v17_t1*
457,mean_under_cloud_var_18_time_1,mn_uc_v18_t1,1,mn_uc_v18_t1*
458,mean_under_cloud_var_19_time_1,mn_uc_v19_t1,1,mn_uc_v19_t1*
459,mean_under_cloud_var_1_time_2,mn_uc_v1_t2,1,mn_uc_v1_t2*
460,mean_under_cloud_var_2_time_2,mn_uc_v2_t2,1,mn_uc_v2_t2*
461,mean_under_cloud_var_3_time_2,mn_uc_v3_t2,1,mn_uc_v3_t2*
462,mean_under_cloud_var_4_time_2,mn_uc_v4_t2,1,mn_uc_v4_t2*
463,mean_under_cloud_var_5_time_2,mn_uc_v5_t2,1,mn_uc_v5_t2*
464,mean_under_cloud_var_6_time_2,mn_uc_v6_t2,1,mn_uc_v6_t2*
465,mean_under_cloud_var_7_time_2,mn_uc_v7_t2,1,mn_uc_v7_t2*
466,mean_under_cloud_var_8_time_2,mn_uc_v8_t2,1,mn_uc_v8_t2*
467,mean_under_cloud_var_9_time_2,mn_uc_v9_t2,1,mn_uc_v9_t2*
468,mean_under_cloud_var_10_time_2,mn_uc_v10_t2,1,mn_uc_v10_t2*
469,mean_under_cloud_var_11_time_2,mn_uc_v11_t2,1,mn_uc_v11_t2*
470,mean_under_cloud_var_12_time_2,mn_uc_v12_t2,1,mn_uc_v12_t2*
471,mean_under_cloud_var_13_time_2,mn_uc_v13_t2,1,mn_uc_v13_t2*
472,mean_under_cloud_var_14_time_2,mn_uc_v14_t2,1,mn_uc_v14_t2*
473,mean_under_cloud_var_15_time_2,mn_uc_v15_t2,1,mn_uc_v15_t2*
474,mean_under_cloud_var_16_time_2,mn_uc_v16_t2,1,mn_uc_v16_t2*
475,mean_under_cloud_var_17_time_2,mn_uc_v17_t2,1,mn_uc_v17_t2*
476,mean_under_cloud_var_18_time_2,mn_uc_v18_t2,1,mn_uc_v18_t2*
477,mean_under_cloud_var_19_time_2,mn_uc_v19_t2,1,mn_uc_v19_t2*
478,mean_under_cloud_var_1_time_3,mn_uc_v1_t3,1,mn_uc_v1_t3*
479,mean_under_cloud_var_2_time_3,mn_uc_v2_t3,1,mn_uc_v2_t3*
480,mean_under_cloud_var_3_time_3,mn_uc_v3_t3,1,mn_uc_v3_t3*
481,mean_under_cloud_var_4_time_3,mn_uc_v4_t3,1,mn_uc_v4_t3*
482,mean_under_cloud_var_5_time_3,mn_uc_v5_t3,1,mn_uc_v5_t3*
483,mean_under_cloud_var_6_time_3,mn_uc_v6_t3,1,mn_uc_v6_t3*
484,mean_under_cloud_var_7_time_3,mn_uc_v7_t3,1,mn_uc_v7_t3*
485,mean_under_cloud_var_8_time_3,mn_uc_v8_t3,1,mn_uc_v8_t3*
486,mean_under_cloud_var_9_time_3,mn_uc_v9_t3,1,mn_uc_v9_t3*
487,mean_under_cloud_var_10_time_3,mn_uc_v10_t3,1,mn_uc_v10_t3*
488,mean_under_cloud_var_11_time_3,mn_uc_v11_t3,1,mn_uc_v11_t3*
489,mean_under_cloud_var_12_time_3,mn_uc_v12_t3,1,mn_uc_v12_t3*
490,mean_under_cloud_var_13_time_3,mn_uc_v13_t3,1,mn_uc_v13_t3*
491,mean_under_cloud_var_14_time_3,mn_uc_v14_t3,1,mn_uc_v14_t3*
492,mean_under_cloud_var_15_time_3,mn_uc_v15_t3,1,mn_uc_v15_t3*
493,mean_under_cloud_var_16_time_3,mn_uc_v16_t3,1,mn_uc_v16_t3*
494,mean_under_cloud_var_17_time_3,mn_uc_v17_t3,1,mn_uc_v17_t3*
495,mean_under_cloud_var_18_time_3,mn_uc_v18_t3,1,mn_uc_v18_t3*
496,mean_under_cloud_var_19_time_3,mn_uc_v19_t3,1,mn_uc_v19_t3*
497,mean_under_cloud_var_1_time_4,mn_uc_v1_t4,1,mn_uc_v1_t4*
498,mean_under_cloud_var_2_time_4,mn_uc_v2_t4,1,mn_uc_v2_t4*
499,mean_under_cloud_var_3_time_4,mn_uc_v3_t4,1,mn_uc_v3_t4*
500,mean_under_cloud_var_4_time_4,mn_uc_v4_t4,1,mn_uc_v4_t4*
501,mean_under_cloud_var_5_time_4,mn_uc_v5_t4,1,mn_uc_v5_t4*
502,mean_under_cloud_var_6_time_4,mn_uc_v6_t4,1,mn_uc_v6_t4*
503,mean_under_cloud_var_7_time_4,mn_uc_v7_t4,1,mn_uc_v7_t4*
504,mean_under_cloud_var_8_time_4,mn_uc_v8_t4,1,mn_uc_v8_t4*
505,mean_under_cloud_var_9_time_4,mn_uc_v9_t4,1,mn_uc_v9_t4*
506,mean_under_cloud_var_10_time_4,mn_uc_v10_t4,1,mn_uc_v10_t4*
507,mean_under_cloud_var_11_time_4,mn_uc_v11_t4,1,mn_uc_v11_t4*
508,mean_under_cloud_var_12_time_4,mn_uc_v12_t4,1,mn_uc_v12_t4*
509,mean_under_cloud_var_13_time_4,mn_uc_v13_t4,1,mn_uc_v13_t4*
510,mean_under_cloud_var_14_time_4,mn_uc_v14_t4,1,mn_uc_v14_t4*
511,mean_under_cloud_var_15_time_4,mn_uc_v15_t4,1,mn_uc_v15_t4*
512,mean_under_cloud_var_16_time_4,mn_uc_v16_t4,1,mn_uc_v16_t4*
513,mean_under_cloud_var_17_time_4,mn_uc_v17_t4,1,mn_uc_v17_t4*
514,mean_under_cloud_var_18_time_4,mn_uc_v18_t4,1,mn_uc_v18_t4*
515,mean_under_cloud_var_19_time_4,mn_uc_v19_t4,1,mn_uc_v19_t4*
516,mean_under_cloud_var_1_time_5,mn_uc_v1_t5,1,mn_uc_v1_t5*
517,mean_under_cloud_var_2_time_5,mn_uc_v2_t5,1,mn_uc_v2_t5*
518,mean_under_cloud_var_3_time_5,mn_uc_v3_t5,1,mn_uc_v3_t5*
519,mean_under_cloud_var_4_time_5,mn_uc_v4_t5,1,mn_uc_v4_t5*
520,mean_under_cloud_var_5_time_5,mn_uc_v5_t5,1,mn_uc_v5_t5*
521,mean_under_cloud_var_6_time_5,mn_uc_v6_t5,1,mn_uc_v6_t5*
522,mean_under_cloud_var_7_time_5,mn_uc_v7_t5,1,mn_uc_v7_t5*
523,mean_under_cloud_var_8_time_5,mn_uc_v8_t5,1,mn_uc_v8_t5*
524,mean_under_cloud_var_9_time_5,mn_uc_v9_t5,1,mn_uc_v9_t5*
525,mean_under_cloud_var_10_time_5,mn_uc_v10_t5,1,mn_uc_v10_t5*
526,mean_under_cloud_var_11_time_5,mn_uc_v11_t5,1,mn_uc_v11_t5*
527,mean_under_cloud_var_12_time_5,mn_uc_v12_t5,1,mn_uc_v12_t5*
528,mean_under_cloud_var_13_time_5,mn_uc_v13_t5,1,mn_uc_v13_t5*
529,mean_under_cloud_var_14_time_5,mn_uc_v14_t5,1,mn_uc_v14_t5*
530,mean_under_cloud_var_15_time_5,mn_uc_v15_t5,1,mn_uc_v15_t5*
531,mean_under_cloud_var_16_time_5,mn_uc_v16_t5,1,mn_uc_v16_t5*
532,mean_under_cloud_var_17_time_5,mn_uc_v17_t5,1,mn_uc_v17_t5*
533,mean_under_cloud_var_18_time_5,mn_uc_v18_t5,1,mn_uc_v18_t5*
534,mean_under_cloud_var_19_time_5,mn_uc_v19_t5,1,mn_uc_v19_t5*
535,mean_under_cloud_var_1_time_6,mn_uc_v1_t6,1,mn_uc_v1_t6*
536,mean_under_cloud_var_2_time_6,mn_uc_v2_t6,1,mn_uc_v2_t6*
537,mean_under_cloud_var_3_time_6,mn_uc_v3_t6,1,mn_uc_v3_t6*
538,mean_under_cloud_var_4_time_6,mn_uc_v4_t6,1,mn_uc_v4_t6*
539,mean_under_cloud_var_5_time_6,mn_uc_v5_t6,1,mn_uc_v5_t6*
540,mean_under_cloud_var_6_time_6,mn_uc_v6_t6,1,mn_uc_v6_t6*
541,mean_under_cloud_var_7_time_6,mn_uc_v7_t6,1,mn_uc_v7_t6*
542,mean_under_cloud_var_8_time_6,mn_uc_v8_t6,1,mn_uc_v8_t6*
543,mean_under_cloud_var_9_time_6,mn_uc_v9_t6,1,mn_uc_v9_t6*
544,mean_under_cloud_var_10_time_6,mn_uc_v10_t6,1,mn_uc_v10_t6*
545,mean_under_cloud_var_11_time_6,mn_uc_v11_t6,1,mn_uc_v11_t6*
546,mean_under_cloud_var_12_time_6,mn_uc_v12_t6,1,mn_uc_v12_t6*
547,mean_under_cloud_var_13_time_6,mn_uc_v13_t6,1,mn_uc_v13_t6*
548,mean_under_cloud_var_14_time_6,mn_uc_v14_t6,1,mn_uc_v14_t6*
549,mean_under_cloud_var_15_time_6,mn_uc_v15_t6,1,mn_uc_v15_t6*
550,mean_under_cloud_var_16_time_6,mn_uc_v16_t6,1,mn_uc_v16_t6*
551,mean_under_cloud_var_17_time_6,mn_uc_v17_t6,1,mn_uc_v17_t6*
552,mean_under_cloud_var_18_time_6,mn_uc_v18_t6,1,mn_uc_v18_t6*
553,mean_under_cloud_var_19_time_6,mn_uc_v19_t6,1,mn_uc_v19_t6*
554,mean_under_cloud_var_1_time_7,mn_uc_v1_t7,1,mn_uc_v1_t7*
555,mean_under_cloud_var_2_time_7,mn_uc_v2_t7,1,mn_uc_v2_t7*
556,mean_under_cloud_var_3_time_7,mn_uc_v3_t7,1,mn_uc_v3_t7*
557,mean_under_cloud_var_4_time_7,mn_uc_v4_t7,1,mn_uc_v4_t7*
558,mean_under_cloud_var_5_time_7,mn_uc_v5_t7,1,mn_uc_v5_t7*
559,mean_under_cloud_var_6_time_7,mn_uc_v6_t7,1,mn_uc_v6_t7*
560,mean_under_cloud_var_7_time_7,mn_uc_v7_t7,1,mn_uc_v7_t7*
561,mean_under_cloud_var_8_time_7,mn_uc_v8_t7,1,mn_uc_v8_t7*
562,mean_under_cloud_var_9_time_7,mn_uc_v9_t7,1,mn_uc_v9_t7*
563,mean_under_cloud_var_10_time_7,mn_uc_v10_t7,1,mn_uc_v10_t7*
564,mean_under_cloud_var_11_time_7,mn_uc_v11_t7,1,mn_uc_v11_t7*
565,mean_under_cloud_var_12_time_7,mn_uc_v12_t7,1,mn_uc_v12_t7*
566,mean_under_cloud_var_13_time_7,mn_uc_v13_t7,1,mn_uc_v13_t7*
567,mean_under_cloud_var_14_time_7,mn_uc_v14_t7,1,mn_uc_v14_t7*
568,mean_under_cloud_var_15_time_7,mn_uc_v15_t7,1,mn_uc_v15_t7*
569,mean_under_cloud_var_16_time_7,mn_uc_v16_t7,1,mn_uc_v16_t7*
570,mean_under_cloud_var_17_time_7,mn_uc_v17_t7,1,mn_uc_v17_t7*
571,mean_under_cloud_var_18_time_7,mn_uc_v18_t7,1,mn_uc_v18_t7*
572,mean_under_cloud_var_19_time_7,mn_uc_v19_t7,1,mn_uc_v19_t7*
573,mean_under_cloud_var_1_time_8,mn_uc_v1_t8,1,mn_uc_v1_t8*
574,mean_under_cloud_var_2_time_8,mn_uc_v2_t8,1,mn_uc_v2_t8*
575,mean_under_cloud_var_3_time_8,mn_uc_v3_t8,1,mn_uc_v3_t8*
576,mean_under_cloud_var_4_time_8,mn_uc_v4_t8,1,mn_uc_v4_t8*
577,mean_under_cloud_var_5_time_8,mn_uc_v5_t8,1,mn_uc_v5_t8*
578,mean_under_cloud_var_6_time_8,mn_uc_v6_t8,1,mn_uc_v6_t8*
579,mean_under_cloud_var_7_time_8,mn_uc_v7_t8,1,mn_uc_v7_t8*
580,mean_under_cloud_var_8_time_8,mn_uc_v8_t8,1,mn_uc_v8_t8*
581,mean_under_cloud_var_9_time_8,mn_uc_v9_t8,1,mn_uc_v9_t8*
582,mean_under_cloud_var_10_time_8,mn_uc_v10_t8,1,mn_uc_v10_t8*
583,mean_under_cloud_var_11_time_8,mn_uc_v11_t8,1,mn_uc_v11_t8*
584,mean_under_cloud_var_12_time_8,mn_uc_v12_t8,1,mn_uc_v12_t8*
585,mean_under_cloud_var_13_time_8,mn_uc_v13_t8,1,mn_uc_v13_t8*
586,mean_under_cloud_var_14_time_8,mn_uc_v14_t8,1,mn_uc_v14_t8*
587,mean_under_cloud_var_15_time_8,mn_uc_v15_t8,1,mn_uc_v15_t8*
588,mean_under_cloud_var_16_time_8,mn_uc_v16_t8,1,mn_uc_v16_t8*
589,mean_under_cloud_var_17_time_8,mn_uc_v17_t8,1,mn_uc_v17_t8*
590,mean_under_cloud_var_18_time_8,mn_uc_v18_t8,1,mn_uc_v18_t8*
591,mean_under_cloud_var_19_time_8,mn_uc_v19_t8,1,mn_uc_v19_t8*
592,mean_under_cloud_var_1_time_9,mn_uc_v1_t9,1,mn_uc_v1_t9*
593,mean_under_cloud_var_2_time_9,mn_uc_v2_t9,1,mn_uc_v2_t9*
594,mean_under_cloud_var_3_time_9,mn_uc_v3_t9,1,mn_uc_v3_t9*
595,mean_under_cloud_var_4_time_9,mn_uc_v4_t9,1,mn_uc_v4_t9*
596,mean_under_cloud_var_5_time_9,mn_uc_v5_t9,1,mn_uc_v5_t9*
597,mean_under_cloud_var_6_time_9,mn_uc_v6_t9,1,mn_uc_v6_t9*
598,mean_under_cloud_var_7_time_9,mn_uc_v7_t9,1,mn_uc_v7_t9*
599,mean_under_cloud_var_8_time_9,mn_uc_v8_t9,1,mn_uc_v8_t9*
600,mean_under_cloud_var_9_time_9,mn_uc_v9_t9,1,mn_uc_v9_t9*
601,mean_under_cloud_var_10_time_9,mn_uc_v10_t9,1,mn_uc_v10_t9*
602,mean_under_cloud_var_11_time_9,mn_uc_v11_t9,1,mn_uc_v11_t9*
603,mean_under_cloud_var_12_time_9,mn_uc_v12_t9,1,mn_uc_v12_t9*
604,mean_under_cloud_var_13_time_9,mn_uc_v13_t9,1,mn_uc_v13_t9*
605,mean_under_cloud_var_14_time_9,mn_uc_v14_t9,1,mn_uc_v14_t9*
606,mean_under_cloud_var_15_time_9,mn_uc_v15_t9,1,mn_uc_v15_t9*
607,mean_under_cloud_var_16_time_9,mn_uc_v16_t9,1,mn_uc_v16_t9*
608,mean_under_cloud_var_17_time_9,mn_uc_v17_t9,1,mn_uc_v17_t9*
609,mean_under_cloud_var_18_time_9,mn_uc_v18_t9,1,mn_uc_v18_t9*
610,mean_under_cloud_var_19_time_9,mn_uc_v19_t9,1,mn_uc_v19_t9*
611,mean_everywhere_except_cloud_var_1_time_0,mn_es_v1_t0,0,mn_es_v1_t0
612,mean_everywhere_except_cloud_var_2_time_0,mn_es_v2_t0,0,mn_es_v2_t0
613,mean_everywhere_except_cloud_var_3_time_0,mn_es_v3_t0,0,mn_es_v3_t0
614,mean_everywhere_except_cloud_var_4_time_0,mn_es_v4_t0,0,mn_es_v4_t0
615,mean_everywhere_except_cloud_var_5_time_0,mn_es_v5_t0,0,mn_es_v5_t0
616,mean_everywhere_except_cloud_var_6_time_0,mn_es_v6_t0,0,mn_es_v6_t0
617,mean_everywhere_except_cloud_var_7_time_0,mn_es_v7_t0,0,mn_es_v7_t0
618,mean_everywhere_except_cloud_var_8_time_0,mn_es_v8_t0,0,mn_es_v8_t0
619,mean_everywhere_except_cloud_var_9_time_0,mn_es_v9_t0,0,mn_es_v9_t0
620,mean_everywhere_except_cloud_var_10_time_0,mn_es_v10_t0,0,mn_es_v10_t0
621,mean_everywhere_except_cloud_var_11_time_0,mn_es_v11_t0,0,mn_es_v11_t0
622,mean_everywhere_except_cloud_var_12_time_0,mn_es_v12_t0,0,mn_es_v12_t0
623,mean_everywhere_except_cloud_var_13_time_0,mn_es_v13_t0,0,mn_es_v13_t0
624,mean_everywhere_except_cloud_var_14_time_0,mn_es_v14_t0,0,mn_es_v14_t0
625,mean_everywhere_except_cloud_var_15_time_0,mn_es_v15_t0,0,mn_es_v15_t0
626,mean_everywhere_except_cloud_var_16_time_0,mn_es_v16_t0,0,mn_es_v16_t0
627,mean_everywhere_except_cloud_var_17_time_0,mn_es_v17_t0,0,mn_es_v17_t0
628,mean_everywhere_except_cloud_var_18_time_0,mn_es_v18_t0,0,mn_es_v18_t0
629,mean_everywhere_except_cloud_var_19_time_0,mn_es_v19_t0,0,mn_es_v19_t0
630,mean_everywhere_except_cloud_var_1_time_1,mn_es_v1_t1,0,mn_es_v1_t1
631,mean_everywhere_except_cloud_var_2_time_1,mn_es_v2_t1,0,mn_es_v2_t1
632,mean_everywhere_except_cloud_var_3_time_1,mn_es_v3_t1,0,mn_es_v3_t1
633,mean_everywhere_except_cloud_var_4_time_1,mn_es_v4_t1,0,mn_es_v4_t1
634,mean_everywhere_except_cloud_var_5_time_1,mn_es_v5_t1,0,mn_es_v5_t1
635,mean_everywhere_except_cloud_var_6_time_1,mn_es_v6_t1,0,mn_es_v6_t1
636,mean_everywhere_except_cloud_var_7_time_1,mn_es_v7_t1,0,mn_es_v7_t1
637,mean_everywhere_except_cloud_var_8_time_1,mn_es_v8_t1,0,mn_es_v8_t1
638,mean_everywhere_except_cloud_var_9_time_1,mn_es_v9_t1,0,mn_es_v9_t1
639,mean_everywhere_except_cloud_var_10_time_1,mn_es_v10_t1,0,mn_es_v10_t1
640,mean_everywhere_except_cloud_var_11_time_1,mn_es_v11_t1,0,mn_es_v11_t1
641,mean_everywhere_except_cloud_var_12_time_1,mn_es_v12_t1,0,mn_es_v12_t1
642,mean_everywhere_except_cloud_var_13_time_1,mn_es_v13_t1,0,mn_es_v13_t1
643,mean_everywhere_except_cloud_var_14_time_1,mn_es_v14_t1,0,mn_es_v14_t1
644,mean_everywhere_except_cloud_var_15_time_1,mn_es_v15_t1,0,mn_es_v15_t1
645,mean_everywhere_except_cloud_var_16_time_1,mn_es_v16_t1,0,mn_es_v16_t1
646,mean_everywhere_except_cloud_var_17_time_1,mn_es_v17_t1,0,mn_es_v17_t1
647,mean_everywhere_except_cloud_var_18_time_1,mn_es_v18_t1,0,mn_es_v18_t1
648,mean_everywhere_except_cloud_var_19_time_1,mn_es_v19_t1,0,mn_es_v19_t1
649,mean_everywhere_except_cloud_var_1_time_2,mn_es_v1_t2,0,mn_es_v1_t2
650,mean_everywhere_except_cloud_var_2_time_2,mn_es_v2_t2,0,mn_es_v2_t2
651,mean_everywhere_except_cloud_var_3_time_2,mn_es_v3_t2,0,mn_es_v3_t2
652,mean_everywhere_except_cloud_var_4_time_2,mn_es_v4_t2,0,mn_es_v4_t2
653,mean_everywhere_except_cloud_var_5_time_2,mn_es_v5_t2,0,mn_es_v5_t2
654,mean_everywhere_except_cloud_var_6_time_2,mn_es_v6_t2,0,mn_es_v6_t2
655,mean_everywhere_except_cloud_var_7_time_2,mn_es_v7_t2,0,mn_es_v7_t2
656,mean_everywhere_except_cloud_var_8_time_2,mn_es_v8_t2,0,mn_es_v8_t2
657,mean_everywhere_except_cloud_var_9_time_2,mn_es_v9_t2,0,mn_es_v9_t2
658,mean_everywhere_except_cloud_var_10_time_2,mn_es_v10_t2,0,mn_es_v10_t2
659,mean_everywhere_except_cloud_var_11_time_2,mn_es_v11_t2,0,mn_es_v11_t2
660,mean_everywhere_except_cloud_var_12_time_2,mn_es_v12_t2,0,mn_es_v12_t2
661,mean_everywhere_except_cloud_var_13_time_2,mn_es_v13_t2,0,mn_es_v13_t2
662,mean_everywhere_except_cloud_var_14_time_2,mn_es_v14_t2,0,mn_es_v14_t2
663,mean_everywhere_except_cloud_var_15_time_2,mn_es_v15_t2,0,mn_es_v15_t2
664,mean_everywhere_except_cloud_var_16_time_2,mn_es_v16_t2,0,mn_es_v16_t2
665,mean_everywhere_except_cloud_var_17_time_2,mn_es_v17_t2,0,mn_es_v17_t2
666,mean_everywhere_except_cloud_var_18_time_2,mn_es_v18_t2,0,mn_es_v18_t2
667,mean_everywhere_except_cloud_var_19_time_2,mn_es_v19_t2,0,mn_es_v19_t2
668,mean_everywhere_except_cloud_var_1_time_3,mn_es_v1_t3,0,mn_es_v1_t3
669,mean_everywhere_except_cloud_var_2_time_3,mn_es_v2_t3,0,mn_es_v2_t3
670,mean_everywhere_except_cloud_var_3_time_3,mn_es_v3_t3,0,mn_es_v3_t3
671,mean_everywhere_except_cloud_var_4_time_3,mn_es_v4_t3,0,mn_es_v4_t3
672,mean_everywhere_except_cloud_var_5_time_3,mn_es_v5_t3,0,mn_es_v5_t3
673,mean_everywhere_except_cloud_var_6_time_3,mn_es_v6_t3,0,mn_es_v6_t3
674,mean_everywhere_except_cloud_var_7_time_3,mn_es_v7_t3,0,mn_es_v7_t3
675,mean_everywhere_except_cloud_var_8_time_3,mn_es_v8_t3,0,mn_es_v8_t3
676,mean_everywhere_except_cloud_var_9_time_3,mn_es_v9_t3,0,mn_es_v9_t3
677,mean_everywhere_except_cloud_var_10_time_3,mn_es_v10_t3,0,mn_es_v10_t3
678,mean_everywhere_except_cloud_var_11_time_3,mn_es_v11_t3,0,mn_es_v11_t3
679,mean_everywhere_except_cloud_var_12_time_3,mn_es_v12_t3,0,mn_es_v12_t3
680,mean_everywhere_except_cloud_var_13_time_3,mn_es_v13_t3,0,mn_es_v13_t3
681,mean_everywhere_except_cloud_var_14_time_3,mn_es_v14_t3,0,mn_es_v14_t3
682,mean_everywhere_except_cloud_var_15_time_3,mn_es_v15_t3,0,mn_es_v15_t3
683,mean_everywhere_except_cloud_var_16_time_3,mn_es_v16_t3,0,mn_es_v16_t3
684,mean_everywhere_except_cloud_var_17_time_3,mn_es_v17_t3,0,mn_es_v17_t3
685,mean_everywhere_except_cloud_var_18_time_3,mn_es_v18_t3,0,mn_es_v18_t3
686,mean_everywhere_except_cloud_var_19_time_3,mn_es_v19_t3,0,mn_es_v19_t3
687,mean_everywhere_except_cloud_var_1_time_4,mn_es_v1_t4,0,mn_es_v1_t4
688,mean_everywhere_except_cloud_var_2_time_4,mn_es_v2_t4,0,mn_es_v2_t4
689,mean_everywhere_except_cloud_var_3_time_4,mn_es_v3_t4,0,mn_es_v3_t4
690,mean_everywhere_except_cloud_var_4_time_4,mn_es_v4_t4,0,mn_es_v4_t4
691,mean_everywhere_except_cloud_var_5_time_4,mn_es_v5_t4,0,mn_es_v5_t4
692,mean_everywhere_except_cloud_var_6_time_4,mn_es_v6_t4,0,mn_es_v6_t4
693,mean_everywhere_except_cloud_var_7_time_4,mn_es_v7_t4,0,mn_es_v7_t4
694,mean_everywhere_except_cloud_var_8_time_4,mn_es_v8_t4,0,mn_es_v8_t4
695,mean_everywhere_except_cloud_var_9_time_4,mn_es_v9_t4,0,mn_es_v9_t4
696,mean_everywhere_except_cloud_var_10_time_4,mn_es_v10_t4,0,mn_es_v10_t4
697,mean_everywhere_except_cloud_var_11_time_4,mn_es_v11_t4,0,mn_es_v11_t4
698,mean_everywhere_except_cloud_var_12_time_4,mn_es_v12_t4,0,mn_es_v12_t4
699,mean_everywhere_except_cloud_var_13_time_4,mn_es_v13_t4,0,mn_es_v13_t4
700,mean_everywhere_except_cloud_var_14_time_4,mn_es_v14_t4,0,mn_es_v14_t4
701,mean_everywhere_except_cloud_var_15_time_4,mn_es_v15_t4,0,mn_es_v15_t4
702,mean_everywhere_except_cloud_var_16_time_4,mn_es_v16_t4,0,mn_es_v16_t4
703,mean_everywhere_except_cloud_var_17_time_4,mn_es_v17_t4,0,mn_es_v17_t4
704,mean_everywhere_except_cloud_var_18_time_4,mn_es_v18_t4,0,mn_es_v18_t4
705,mean_everywhere_except_cloud_var_19_time_4,mn_es_v19_t4,0,mn_es_v19_t4
706,mean_everywhere_except_cloud_var_1_time_5,mn_es_v1_t5,0,mn_es_v1_t5
707,mean_everywhere_except_cloud_var_2_time_5,mn_es_v2_t5,0,mn_es_v2_t5
708,mean_everywhere_except_cloud_var_3_time_5,mn_es_v3_t5,0,mn_es_v3_t5
709,mean_everywhere_except_cloud_var_4_time_5,mn_es_v4_t5,0,mn_es_v4_t5
710,mean_everywhere_except_cloud_var_5_time_5,mn_es_v5_t5,0,mn_es_v5_t5
711,mean_everywhere_except_cloud_var_6_time_5,mn_es_v6_t5,0,mn_es_v6_t5
712,mean_everywhere_except_cloud_var_7_time_5,mn_es_v7_t5,0,mn_es_v7_t5
713,mean_everywhere_except_cloud_var_8_time_5,mn_es_v8_t5,0,mn_es_v8_t5
714,mean_everywhere_except_cloud_var_9_time_5,mn_es_v9_t5,0,mn_es_v9_t5
715,mean_everywhere_except_cloud_var_10_time_5,mn_es_v10_t5,0,mn_es_v10_t5
716,mean_everywhere_except_cloud_var_11_time_5,mn_es_v11_t5,0,mn_es_v11_t5
717,mean_everywhere_except_cloud_var_12_time_5,mn_es_v12_t5,0,mn_es_v12_t5
718,mean_everywhere_except_cloud_var_13_time_5,mn_es_v13_t5,0,mn_es_v13_t5
719,mean_everywhere_except_cloud_var_14_time_5,mn_es_v14_t5,0,mn_es_v14_t5
720,mean_everywhere_except_cloud_var_15_time_5,mn_es_v15_t5,0,mn_es_v15_t5
721,mean_everywhere_except_cloud_var_16_time_5,mn_es_v16_t5,0,mn_es_v16_t5
722,mean_everywhere_except_cloud_var_17_time_5,mn_es_v17_t5,0,mn_es_v17_t5
723,mean_everywhere_except_cloud_var_18_time_5,mn_es_v18_t5,0,mn_es_v18_t5
724,mean_everywhere_except_cloud_var_19_time_5,mn_es_v19_t5,0,mn_es_v19_t5
725,mean_everywhere_except_cloud_var_1_time_6,mn_es_v1_t6,0,mn_es_v1_t6
726,mean_everywhere_except_cloud_var_2_time_6,mn_es_v2_t6,0,mn_es_v2_t6
727,mean_everywhere_except_cloud_var_3_time_6,mn_es_v3_t6,0,mn_es_v3_t6
728,mean_everywhere_except_cloud_var_4_time_6,mn_es_v4_t6,0,mn_es_v4_t6
729,mean_everywhere_except_cloud_var_5_time_6,mn_es_v5_t6,0,mn_es_v5_t6
730,mean_everywhere_except_cloud_var_6_time_6,mn_es_v6_t6,0,mn_es_v6_t6
731,mean_everywhere_except_cloud_var_7_time_6,mn_es_v7_t6,0,mn_es_v7_t6
732,mean_everywhere_except_cloud_var_8_time_6,mn_es_v8_t6,0,mn_es_v8_t6
733,mean_everywhere_except_cloud_var_9_time_6,mn_es_v9_t6,0,mn_es_v9_t6
734,mean_everywhere_except_cloud_var_10_time_6,mn_es_v10_t6,0,mn_es_v10_t6
735,mean_everywhere_except_cloud_var_11_time_6,mn_es_v11_t6,0,mn_es_v11_t6
736,mean_everywhere_except_cloud_var_12_time_6,mn_es_v12_t6,0,mn_es_v12_t6
737,mean_everywhere_except_cloud_var_13_time_6,mn_es_v13_t6,0,mn_es_v13_t6
738,mean_everywhere_except_cloud_var_14_time_6,mn_es_v14_t6,0,mn_es_v14_t6
739,mean_everywhere_except_cloud_var_15_time_6,mn_es_v15_t6,0,mn_es_v15_t6
740,mean_everywhere_except_cloud_var_16_time_6,mn_es_v16_t6,0,mn_es_v16_t6
741,mean_everywhere_except_cloud_var_17_time_6,mn_es_v17_t6,0,mn_es_v17_t6
742,mean_everywhere_except_cloud_var_18_time_6,mn_es_v18_t6,0,mn_es_v18_t6
743,mean_everywhere_except_cloud_var_19_time_6,mn_es_v19_t6,0,mn_es_v19_t6
744,mean_everywhere_except_cloud_var_1_time_7,mn_es_v1_t7,0,mn_es_v1_t7
745,mean_everywhere_except_cloud_var_2_time_7,mn_es_v2_t7,0,mn_es_v2_t7
746,mean_everywhere_except_cloud_var_3_time_7,mn_es_v3_t7,0,mn_es_v3_t7
747,mean_everywhere_except_cloud_var_4_time_7,mn_es_v4_t7,0,mn_es_v4_t7
748,mean_everywhere_except_cloud_var_5_time_7,mn_es_v5_t7,0,mn_es_v5_t7
749,mean_everywhere_except_cloud_var_6_time_7,mn_es_v6_t7,0,mn_es_v6_t7
750,mean_everywhere_except_cloud_var_7_time_7,mn_es_v7_t7,0,mn_es_v7_t7
751,mean_everywhere_except_cloud_var_8_time_7,mn_es_v8_t7,0,mn_es_v8_t7
752,mean_everywhere_except_cloud_var_9_time_7,mn_es_v9_t7,0,mn_es_v9_t7
753,mean_everywhere_except_cloud_var_10_time_7,mn_es_v10_t7,0,mn_es_v10_t7
754,mean_everywhere_except_cloud_var_11_time_7,mn_es_v11_t7,0,mn_es_v11_t7
755,mean_everywhere_except_cloud_var_12_time_7,mn_es_v12_t7,0,mn_es_v12_t7
756,mean_everywhere_except_cloud_var_13_time_7,mn_es_v13_t7,0,mn_es_v13_t7
757,mean_everywhere_except_cloud_var_14_time_7,mn_es_v14_t7,0,mn_es_v14_t7
758,mean_everywhere_except_cloud_var_15_time_7,mn_es_v15_t7,0,mn_es_v15_t7
759,mean_everywhere_except_cloud_var_16_time_7,mn_es_v16_t7,0,mn_es_v16_t7
760,mean_everywhere_except_cloud_var_17_time_7,mn_es_v17_t7,0,mn_es_v17_t7
761,mean_everywhere_except_cloud_var_18_time_7,mn_es_v18_t7,0,mn_es_v18_t7
762,mean_everywhere_except_cloud_var_19_time_7,mn_es_v19_t7,0,mn_es_v19_t7
763,mean_everywhere_except_cloud_var_1_time_8,mn_es_v1_t8,0,mn_es_v1_t8
764,mean_everywhere_except_cloud_var_2_time_8,mn_es_v2_t8,0,mn_es_v2_t8
765,mean_everywhere_except_cloud_var_3_time_8,mn_es_v3_t8,0,mn_es_v3_t8
766,mean_everywhere_except_cloud_var_4_time_8,mn_es_v4_t8,0,mn_es_v4_t8
767,mean_everywhere_except_cloud_var_5_time_8,mn_es_v5_t8,0,mn_es_v5_t8
768,mean_everywhere_except_cloud_var_6_time_8,mn_es_v6_t8,0,mn_es_v6_t8
769,mean_everywhere_except_cloud_var_7_time_8,mn_es_v7_t8,0,mn_es_v7_t8
770,mean_everywhere_except_cloud_var_8_time_8,mn_es_v8_t8,0,mn_es_v8_t8
771,mean_everywhere_except_cloud_var_9_time_8,mn_es_v9_t8,0,mn_es_v9_t8
772,mean_everywhere_except_cloud_var_10_time_8,mn_es_v10_t8,0,mn_es_v10_t8
773,mean_everywhere_except_cloud_var_11_time_8,mn_es_v11_t8,0,mn_es_v11_t8
774,mean_everywhere_except_cloud_var_12_time_8,mn_es_v12_t8,0,mn_es_v12_t8
775,mean_everywhere_except_cloud_var_13_time_8,mn_es_v13_t8,0,mn_es_v13_t8
776,mean_everywhere_except_cloud_var_14_time_8,mn_es_v14_t8,0,mn_es_v14_t8
777,mean_everywhere_except_cloud_var_15_time_8,mn_es_v15_t8,0,mn_es_v15_t8
778,mean_everywhere_except_cloud_var_16_time_8,mn_es_v16_t8,0,mn_es_v16_t8
779,mean_everywhere_except_cloud_var_17_time_8,mn_es_v17_t8,0,mn_es_v17_t8
780,mean_everywhere_except_cloud_var_18_time_8,mn_es_v18_t8,0,mn_es_v18_t8
781,mean_everywhere_except_cloud_var_19_time_8,mn_es_v19_t8,0,mn_es_v19_t8
782,mean_everywhere_except_cloud_var_1_time_9,mn_es_v1_t9,0,mn_es_v1_t9
783,mean_everywhere_except_cloud_var_2_time_9,mn_es_v2_t9,0,mn_es_v2_t9
784,mean_everywhere_except_cloud_var_3_time_9,mn_es_v3_t9,0,mn_es_v3_t9
785,mean_everywhere_except_cloud_var_4_time_9,mn_es_v4_t9,0,mn_es_v4_t9
786,mean_everywhere_except_cloud_var_5_time_9,mn_es_v5_t9,0,mn_es_v5_t9
787,mean_everywhere_except_cloud_var_6_time_9,mn_es_v6_t9,0,mn_es_v6_t9
788,mean_everywhere_except_cloud_var_7_time_9,mn_es_v7_t9,0,mn_es_v7_t9
789,mean_everywhere_except_cloud_var_8_time_9,mn_es_v8_t9,0,mn_es_v8_t9
790,mean_everywhere_except_cloud_var_9_time_9,mn_es_v9_t9,0,mn_es_v9_t9
791,mean_everywhere_except_cloud_var_10_time_9,mn_es_v10_t9,0,mn_es_v10_t9
792,mean_everywhere_except_cloud_var_11_time_9,mn_es_v11_t9,0,mn_es_v11_t9
793,mean_everywhere_except_cloud_var_12_time_9,mn_es_v12_t9,0,mn_es_v12_t9
794,mean_everywhere_except_cloud_var_13_time_9,mn_es_v13_t9,0,mn_es_v13_t9
795,mean_everywhere_except_cloud_var_14_time_9,mn_es_v14_t9,0,mn_es_v14_t9
796,mean_everywhere_except_cloud_var_15_time_9,mn_es_v15_t9,0,mn_es_v15_t9
797,mean_everywhere_except_cloud_var_16_time_9,mn_es_v16_t9,0,mn_es_v16_t9
798,mean_everywhere_except_cloud_var_17_time_9,mn_es_v17_t9,0,mn_es_v17_t9
799,mean_everywhere_except_cloud_var_18_time_9,mn_es_v18_t9,0,mn_es_v18_t9
800,mean_everywhere_except_cloud_var_19_time_9,mn_es_v19_t9,0,mn_es_v19_t9
801,mean_under_all_mcs_neighbours_var_1_time_0,mn_ns_v1_t0,0,mn_ns_v1_t0
802,mean_under_all_mcs_neighbours_var_2_time_0,mn_ns_v2_t0,0,mn_ns_v2_t0
803,mean_under_all_mcs_neighbours_var_3_time_0,mn_ns_v3_t0,0,mn_ns_v3_t0
804,mean_under_all_mcs_neighbours_var_4_time_0,mn_ns_v4_t0,0,mn_ns_v4_t0
805,mean_under_all_mcs_neighbours_var_5_time_0,mn_ns_v5_t0,0,mn_ns_v5_t0
806,mean_under_all_mcs_neighbours_var_6_time_0,mn_ns_v6_t0,0,mn_ns_v6_t0
807,mean_under_all_mcs_neighbours_var_7_time_0,mn_ns_v7_t0,0,mn_ns_v7_t0
808,mean_under_all_mcs_neighbours_var_8_time_0,mn_ns_v8_t0,0,mn_ns_v8_t0
809,mean_under_all_mcs_neighbours_var_9_time_0,mn_ns_v9_t0,0,mn_ns_v9_t0
810,mean_under_all_mcs_neighbours_var_10_time_0,mn_ns_v10_t0,0,mn_ns_v10_t0
811,mean_under_all_mcs_neighbours_var_11_time_0,mn_ns_v11_t0,0,mn_ns_v11_t0
812,mean_under_all_mcs_neighbours_var_12_time_0,mn_ns_v12_t0,0,mn_ns_v12_t0
813,mean_under_all_mcs_neighbours_var_13_time_0,mn_ns_v13_t0,0,mn_ns_v13_t0
814,mean_under_all_mcs_neighbours_var_14_time_0,mn_ns_v14_t0,0,mn_ns_v14_t0
815,mean_under_all_mcs_neighbours_var_15_time_0,mn_ns_v15_t0,0,mn_ns_v15_t0
816,mean_under_all_mcs_neighbours_var_16_time_0,mn_ns_v16_t0,0,mn_ns_v16_t0
817,mean_under_all_mcs_neighbours_var_17_time_0,mn_ns_v17_t0,0,mn_ns_v17_t0
818,mean_under_all_mcs_neighbours_var_18_time_0,mn_ns_v18_t0,0,mn_ns_v18_t0
819,mean_under_all_mcs_neighbours_var_19_time_0,mn_ns_v19_t0,0,mn_ns_v19_t0
820,mean_under_all_mcs_neighbours_var_1_time_1,mn_ns_v1_t1,0,mn_ns_v1_t1
821,mean_under_all_mcs_neighbours_var_2_time_1,mn_ns_v2_t1,0,mn_ns_v2_t1
822,mean_under_all_mcs_neighbours_var_3_time_1,mn_ns_v3_t1,0,mn_ns_v3_t1
823,mean_under_all_mcs_neighbours_var_4_time_1,mn_ns_v4_t1,0,mn_ns_v4_t1
824,mean_under_all_mcs_neighbours_var_5_time_1,mn_ns_v5_t1,0,mn_ns_v5_t1
825,mean_under_all_mcs_neighbours_var_6_time_1,mn_ns_v6_t1,0,mn_ns_v6_t1
826,mean_under_all_mcs_neighbours_var_7_time_1,mn_ns_v7_t1,0,mn_ns_v7_t1
827,mean_under_all_mcs_neighbours_var_8_time_1,mn_ns_v8_t1,0,mn_ns_v8_t1
828,mean_under_all_mcs_neighbours_var_9_time_1,mn_ns_v9_t1,0,mn_ns_v9_t1
829,mean_under_all_mcs_neighbours_var_10_time_1,mn_ns_v10_t1,0,mn_ns_v10_t1
830,mean_under_all_mcs_neighbours_var_11_time_1,mn_ns_v11_t1,0,mn_ns_v11_t1
831,mean_under_all_mcs_neighbours_var_12_time_1,mn_ns_v12_t1,0,mn_ns_v12_t1
832,mean_under_all_mcs_neighbours_var_13_time_1,mn_ns_v13_t1,0,mn_ns_v13_t1
833,mean_under_all_mcs_neighbours_var_14_time_1,mn_ns_v14_t1,0,mn_ns_v14_t1
834,mean_under_all_mcs_neighbours_var_15_time_1,mn_ns_v15_t1,0,mn_ns_v15_t1
835,mean_under_all_mcs_neighbours_var_16_time_1,mn_ns_v16_t1,0,mn_ns_v16_t1
836,mean_under_all_mcs_neighbours_var_17_time_1,mn_ns_v17_t1,0,mn_ns_v17_t1
837,mean_under_all_mcs_neighbours_var_18_time_1,mn_ns_v18_t1,0,mn_ns_v18_t1
838,mean_under_all_mcs_neighbours_var_19_time_1,mn_ns_v19_t1,0,mn_ns_v19_t1
839,mean_under_all_mcs_neighbours_var_1_time_2,mn_ns_v1_t2,0,mn_ns_v1_t2
840,mean_under_all_mcs_neighbours_var_2_time_2,mn_ns_v2_t2,0,mn_ns_v2_t2
841,mean_under_all_mcs_neighbours_var_3_time_2,mn_ns_v3_t2,0,mn_ns_v3_t2
842,mean_under_all_mcs_neighbours_var_4_time_2,mn_ns_v4_t2,0,mn_ns_v4_t2
843,mean_under_all_mcs_neighbours_var_5_time_2,mn_ns_v5_t2,0,mn_ns_v5_t2
844,mean_under_all_mcs_neighbours_var_6_time_2,mn_ns_v6_t2,0,mn_ns_v6_t2
845,mean_under_all_mcs_neighbours_var_7_time_2,mn_ns_v7_t2,0,mn_ns_v7_t2
846,mean_under_all_mcs_neighbours_var_8_time_2,mn_ns_v8_t2,0,mn_ns_v8_t2
847,mean_under_all_mcs_neighbours_var_9_time_2,mn_ns_v9_t2,0,mn_ns_v9_t2
848,mean_under_all_mcs_neighbours_var_10_time_2,mn_ns_v10_t2,0,mn_ns_v10_t2
849,mean_under_all_mcs_neighbours_var_11_time_2,mn_ns_v11_t2,0,mn_ns_v11_t2
850,mean_under_all_mcs_neighbours_var_12_time_2,mn_ns_v12_t2,0,mn_ns_v12_t2
851,mean_under_all_mcs_neighbours_var_13_time_2,mn_ns_v13_t2,0,mn_ns_v13_t2
852,mean_under_all_mcs_neighbours_var_14_time_2,mn_ns_v14_t2,0,mn_ns_v14_t2
853,mean_under_all_mcs_neighbours_var_15_time_2,mn_ns_v15_t2,0,mn_ns_v15_t2
854,mean_under_all_mcs_neighbours_var_16_time_2,mn_ns_v16_t2,0,mn_ns_v16_t2
855,mean_under_all_mcs_neighbours_var_17_time_2,mn_ns_v17_t2,0,mn_ns_v17_t2
856,mean_under_all_mcs_neighbours_var_18_time_2,mn_ns_v18_t2,0,mn_ns_v18_t2
857,mean_under_all_mcs_neighbours_var_19_time_2,mn_ns_v19_t2,0,mn_ns_v19_t2
858,mean_under_all_mcs_neighbours_var_1_time_3,mn_ns_v1_t3,0,mn_ns_v1_t3
859,mean_under_all_mcs_neighbours_var_2_time_3,mn_ns_v2_t3,0,mn_ns_v2_t3
860,mean_under_all_mcs_neighbours_var_3_time_3,mn_ns_v3_t3,0,mn_ns_v3_t3
861,mean_under_all_mcs_neighbours_var_4_time_3,mn_ns_v4_t3,0,mn_ns_v4_t3
862,mean_under_all_mcs_neighbours_var_5_time_3,mn_ns_v5_t3,0,mn_ns_v5_t3
863,mean_under_all_mcs_neighbours_var_6_time_3,mn_ns_v6_t3,0,mn_ns_v6_t3
864,mean_under_all_mcs_neighbours_var_7_time_3,mn_ns_v7_t3,0,mn_ns_v7_t3
865,mean_under_all_mcs_neighbours_var_8_time_3,mn_ns_v8_t3,0,mn_ns_v8_t3
866,mean_under_all_mcs_neighbours_var_9_time_3,mn_ns_v9_t3,0,mn_ns_v9_t3
867,mean_under_all_mcs_neighbours_var_10_time_3,mn_ns_v10_t3,0,mn_ns_v10_t3
868,mean_under_all_mcs_neighbours_var_11_time_3,mn_ns_v11_t3,0,mn_ns_v11_t3
869,mean_under_all_mcs_neighbours_var_12_time_3,mn_ns_v12_t3,0,mn_ns_v12_t3
870,mean_under_all_mcs_neighbours_var_13_time_3,mn_ns_v13_t3,0,mn_ns_v13_t3
871,mean_under_all_mcs_neighbours_var_14_time_3,mn_ns_v14_t3,0,mn_ns_v14_t3
872,mean_under_all_mcs_neighbours_var_15_time_3,mn_ns_v15_t3,0,mn_ns_v15_t3
873,mean_under_all_mcs_neighbours_var_16_time_3,mn_ns_v16_t3,0,mn_ns_v16_t3
874,mean_under_all_mcs_neighbours_var_17_time_3,mn_ns_v17_t3,0,mn_ns_v17_t3
875,mean_under_all_mcs_neighbours_var_18_time_3,mn_ns_v18_t3,0,mn_ns_v18_t3
876,mean_under_all_mcs_neighbours_var_19_time_3,mn_ns_v19_t3,0,mn_ns_v19_t3
877,mean_under_all_mcs_neighbours_var_1_time_4,mn_ns_v1_t4,0,mn_ns_v1_t4
878,mean_under_all_mcs_neighbours_var_2_time_4,mn_ns_v2_t4,0,mn_ns_v2_t4
879,mean_under_all_mcs_neighbours_var_3_time_4,mn_ns_v3_t4,0,mn_ns_v3_t4
880,mean_under_all_mcs_neighbours_var_4_time_4,mn_ns_v4_t4,0,mn_ns_v4_t4
881,mean_under_all_mcs_neighbours_var_5_time_4,mn_ns_v5_t4,0,mn_ns_v5_t4
882,mean_under_all_mcs_neighbours_var_6_time_4,mn_ns_v6_t4,0,mn_ns_v6_t4
883,mean_under_all_mcs_neighbours_var_7_time_4,mn_ns_v7_t4,0,mn_ns_v7_t4
884,mean_under_all_mcs_neighbours_var_8_time_4,mn_ns_v8_t4,0,mn_ns_v8_t4
885,mean_under_all_mcs_neighbours_var_9_time_4,mn_ns_v9_t4,0,mn_ns_v9_t4
886,mean_under_all_mcs_neighbours_var_10_time_4,mn_ns_v10_t4,0,mn_ns_v10_t4
887,mean_under_all_mcs_neighbours_var_11_time_4,mn_ns_v11_t4,0,mn_ns_v11_t4
888,mean_under_all_mcs_neighbours_var_12_time_4,mn_ns_v12_t4,0,mn_ns_v12_t4
889,mean_under_all_mcs_neighbours_var_13_time_4,mn_ns_v13_t4,0,mn_ns_v13_t4
890,mean_under_all_mcs_neighbours_var_14_time_4,mn_ns_v14_t4,0,mn_ns_v14_t4
891,mean_under_all_mcs_neighbours_var_15_time_4,mn_ns_v15_t4,0,mn_ns_v15_t4
892,mean_under_all_mcs_neighbours_var_16_time_4,mn_ns_v16_t4,0,mn_ns_v16_t4
893,mean_under_all_mcs_neighbours_var_17_time_4,mn_ns_v17_t4,0,mn_ns_v17_t4
894,mean_under_all_mcs_neighbours_var_18_time_4,mn_ns_v18_t4,0,mn_ns_v18_t4
895,mean_under_all_mcs_neighbours_var_19_time_4,mn_ns_v19_t4,0,mn_ns_v19_t4
896,mean_under_all_mcs_neighbours_var_1_time_5,mn_ns_v1_t5,0,mn_ns_v1_t5
897,mean_under_all_mcs_neighbours_var_2_time_5,mn_ns_v2_t5,0,mn_ns_v2_t5
898,mean_under_all_mcs_neighbours_var_3_time_5,mn_ns_v3_t5,0,mn_ns_v3_t5
899,mean_under_all_mcs_neighbours_var_4_time_5,mn_ns_v4_t5,0,mn_ns_v4_t5
900,mean_under_all_mcs_neighbours_var_5_time_5,mn_ns_v5_t5,0,mn_ns_v5_t5
901,mean_under_all_mcs_neighbours_var_6_time_5,mn_ns_v6_t5,0,mn_ns_v6_t5
902,mean_under_all_mcs_neighbours_var_7_time_5,mn_ns_v7_t5,0,mn_ns_v7_t5
903,mean_under_all_mcs_neighbours_var_8_time_5,mn_ns_v8_t5,0,mn_ns_v8_t5
904,mean_under_all_mcs_neighbours_var_9_time_5,mn_ns_v9_t5,0,mn_ns_v9_t5
905,mean_under_all_mcs_neighbours_var_10_time_5,mn_ns_v10_t5,0,mn_ns_v10_t5
906,mean_under_all_mcs_neighbours_var_11_time_5,mn_ns_v11_t5,0,mn_ns_v11_t5
907,mean_under_all_mcs_neighbours_var_12_time_5,mn_ns_v12_t5,0,mn_ns_v12_t5
908,mean_under_all_mcs_neighbours_var_13_time_5,mn_ns_v13_t5,0,mn_ns_v13_t5
909,mean_under_all_mcs_neighbours_var_14_time_5,mn_ns_v14_t5,0,mn_ns_v14_t5
910,mean_under_all_mcs_neighbours_var_15_time_5,mn_ns_v15_t5,0,mn_ns_v15_t5
911,mean_under_all_mcs_neighbours_var_16_time_5,mn_ns_v16_t5,0,mn_ns_v16_t5
912,mean_under_all_mcs_neighbours_var_17_time_5,mn_ns_v17_t5,0,mn_ns_v17_t5
913,mean_under_all_mcs_neighbours_var_18_time_5,mn_ns_v18_t5,0,mn_ns_v18_t5
914,mean_under_all_mcs_neighbours_var_19_time_5,mn_ns_v19_t5,0,mn_ns_v19_t5
915,mean_under_all_mcs_neighbours_var_1_time_6,mn_ns_v1_t6,0,mn_ns_v1_t6
916,mean_under_all_mcs_neighbours_var_2_time_6,mn_ns_v2_t6,0,mn_ns_v2_t6
917,mean_under_all_mcs_neighbours_var_3_time_6,mn_ns_v3_t6,0,mn_ns_v3_t6
918,mean_under_all_mcs_neighbours_var_4_time_6,mn_ns_v4_t6,0,mn_ns_v4_t6
919,mean_under_all_mcs_neighbours_var_5_time_6,mn_ns_v5_t6,0,mn_ns_v5_t6
920,mean_under_all_mcs_neighbours_var_6_time_6,mn_ns_v6_t6,0,mn_ns_v6_t6
921,mean_under_all_mcs_neighbours_var_7_time_6,mn_ns_v7_t6,0,mn_ns_v7_t6
922,mean_under_all_mcs_neighbours_var_8_time_6,mn_ns_v8_t6,0,mn_ns_v8_t6
923,mean_under_all_mcs_neighbours_var_9_time_6,mn_ns_v9_t6,0,mn_ns_v9_t6
924,mean_under_all_mcs_neighbours_var_10_time_6,mn_ns_v10_t6,0,mn_ns_v10_t6
925,mean_under_all_mcs_neighbours_var_11_time_6,mn_ns_v11_t6,0,mn_ns_v11_t6
926,mean_under_all_mcs_neighbours_var_12_time_6,mn_ns_v12_t6,0,mn_ns_v12_t6
927,mean_under_all_mcs_neighbours_var_13_time_6,mn_ns_v13_t6,0,mn_ns_v13_t6
928,mean_under_all_mcs_neighbours_var_14_time_6,mn_ns_v14_t6,0,mn_ns_v14_t6
929,mean_under_all_mcs_neighbours_var_15_time_6,mn_ns_v15_t6,0,mn_ns_v15_t6
930,mean_under_all_mcs_neighbours_var_16_time_6,mn_ns_v16_t6,0,mn_ns_v16_t6
931,mean_under_all_mcs_neighbours_var_17_time_6,mn_ns_v17_t6,0,mn_ns_v17_t6
932,mean_under_all_mcs_neighbours_var_18_time_6,mn_ns_v18_t6,0,mn_ns_v18_t6
933,mean_under_all_mcs_neighbours_var_19_time_6,mn_ns_v19_t6,0,mn_ns_v19_t6
934,mean_under_all_mcs_neighbours_var_1_time_7,mn_ns_v1_t7,0,mn_ns_v1_t7
935,mean_under_all_mcs_neighbours_var_2_time_7,mn_ns_v2_t7,0,mn_ns_v2_t7
936,mean_under_all_mcs_neighbours_var_3_time_7,mn_ns_v3_t7,0,mn_ns_v3_t7
937,mean_under_all_mcs_neighbours_var_4_time_7,mn_ns_v4_t7,0,mn_ns_v4_t7
938,mean_under_all_mcs_neighbours_var_5_time_7,mn_ns_v5_t7,0,mn_ns_v5_t7
939,mean_under_all_mcs_neighbours_var_6_time_7,mn_ns_v6_t7,0,mn_ns_v6_t7
940,mean_under_all_mcs_neighbours_var_7_time_7,mn_ns_v7_t7,0,mn_ns_v7_t7
941,mean_under_all_mcs_neighbours_var_8_time_7,mn_ns_v8_t7,0,mn_ns_v8_t7
942,mean_under_all_mcs_neighbours_var_9_time_7,mn_ns_v9_t7,0,mn_ns_v9_t7
943,mean_under_all_mcs_neighbours_var_10_time_7,mn_ns_v10_t7,0,mn_ns_v10_t7
944,mean_under_all_mcs_neighbours_var_11_time_7,mn_ns_v11_t7,0,mn_ns_v11_t7
945,mean_under_all_mcs_neighbours_var_12_time_7,mn_ns_v12_t7,0,mn_ns_v12_t7
946,mean_under_all_mcs_neighbours_var_13_time_7,mn_ns_v13_t7,0,mn_ns_v13_t7
947,mean_under_all_mcs_neighbours_var_14_time_7,mn_ns_v14_t7,0,mn_ns_v14_t7
948,mean_under_all_mcs_neighbours_var_15_time_7,mn_ns_v15_t7,0,mn_ns_v15_t7
949,mean_under_all_mcs_neighbours_var_16_time_7,mn_ns_v16_t7,0,mn_ns_v16_t7
950,mean_under_all_mcs_neighbours_var_17_time_7,mn_ns_v17_t7,0,mn_ns_v17_t7
951,mean_under_all_mcs_neighbours_var_18_time_7,mn_ns_v18_t7,0,mn_ns_v18_t7
952,mean_under_all_mcs_neighbours_var_19_time_7,mn_ns_v19_t7,0,mn_ns_v19_t7
953,mean_under_all_mcs_neighbours_var_1_time_8,mn_ns_v1_t8,0,mn_ns_v1_t8
954,mean_under_all_mcs_neighbours_var_2_time_8,mn_ns_v2_t8,0,mn_ns_v2_t8
955,mean_under_all_mcs_neighbours_var_3_time_8,mn_ns_v3_t8,0,mn_ns_v3_t8
956,mean_under_all_mcs_neighbours_var_4_time_8,mn_ns_v4_t8,0,mn_ns_v4_t8
957,mean_under_all_mcs_neighbours_var_5_time_8,mn_ns_v5_t8,0,mn_ns_v5_t8
958,mean_under_all_mcs_neighbours_var_6_time_8,mn_ns_v6_t8,0,mn_ns_v6_t8
959,mean_under_all_mcs_neighbours_var_7_time_8,mn_ns_v7_t8,0,mn_ns_v7_t8
960,mean_under_all_mcs_neighbours_var_8_time_8,mn_ns_v8_t8,0,mn_ns_v8_t8
961,mean_under_all_mcs_neighbours_var_9_time_8,mn_ns_v9_t8,0,mn_ns_v9_t8
962,mean_under_all_mcs_neighbours_var_10_time_8,mn_ns_v10_t8,0,mn_ns_v10_t8
963,mean_under_all_mcs_neighbours_var_11_time_8,mn_ns_v11_t8,0,mn_ns_v11_t8
964,mean_under_all_mcs_neighbours_var_12_time_8,mn_ns_v12_t8,0,mn_ns_v12_t8
965,mean_under_all_mcs_neighbours_var_13_time_8,mn_ns_v13_t8,0,mn_ns_v13_t8
966,mean_under_all_mcs_neighbours_var_14_time_8,mn_ns_v14_t8,0,mn_ns_v14_t8
967,mean_under_all_mcs_neighbours_var_15_time_8,mn_ns_v15_t8,0,mn_ns_v15_t8
968,mean_under_all_mcs_neighbours_var_16_time_8,mn_ns_v16_t8,0,mn_ns_v16_t8
969,mean_under_all_mcs_neighbours_var_17_time_8,mn_ns_v17_t8,0,mn_ns_v17_t8
970,mean_under_all_mcs_neighbours_var_18_time_8,mn_ns_v18_t8,0,mn_ns_v18_t8
971,mean_under_all_mcs_neighbours_var_19_time_8,mn_ns_v19_t8,0,mn_ns_v19_t8
972,mean_under_all_mcs_neighbours_var_1_time_9,mn_ns_v1_t9,0,mn_ns_v1_t9
973,mean_under_all_mcs_neighbours_var_2_time_9,mn_ns_v2_t9,0,mn_ns_v2_t9
974,mean_under_all_mcs_neighbours_var_3_time_9,mn_ns_v3_t9,0,mn_ns_v3_t9
975,mean_under_all_mcs_neighbours_var_4_time_9,mn_ns_v4_t9,0,mn_ns_v4_t9
976,mean_under_all_mcs_neighbours_var_5_time_9,mn_ns_v5_t9,0,mn_ns_v5_t9
977,mean_under_all_mcs_neighbours_var_6_time_9,mn_ns_v6_t9,0,mn_ns_v6_t9
978,mean_under_all_mcs_neighbours_var_7_time_9,mn_ns_v7_t9,0,mn_ns_v7_t9
979,mean_under_all_mcs_neighbours_var_8_time_9,mn_ns_v8_t9,0,mn_ns_v8_t9
980,mean_under_all_mcs_neighbours_var_9_time_9,mn_ns_v9_t9,0,mn_ns_v9_t9
981,mean_under_all_mcs_neighbours_var_10_time_9,mn_ns_v10_t9,0,mn_ns_v10_t9
982,mean_under_all_mcs_neighbours_var_11_time_9,mn_ns_v11_t9,0,mn_ns_v11_t9
983,mean_under_all_mcs_neighbours_var_12_time_9,mn_ns_v12_t9,0,mn_ns_v12_t9
984,mean_under_all_mcs_neighbours_var_13_time_9,mn_ns_v13_t9,0,mn_ns_v13_t9
985,mean_under_all_mcs_neighbours_var_14_time_9,mn_ns_v14_t9,0,mn_ns_v14_t9
986,mean_under_all_mcs_neighbours_var_15_time_9,mn_ns_v15_t9,0,mn_ns_v15_t9
987,mean_under_all_mcs_neighbours_var_16_time_9,mn_ns_v16_t9,0,mn_ns_v16_t9
988,mean_under_all_mcs_neighbours_var_17_time_9,mn_ns_v17_t9,0,mn_ns_v17_t9
989,mean_under_all_mcs_neighbours_var_18_time_9,mn_ns_v18_t9,0,mn_ns_v18_t9
990,mean_under_all_mcs_neighbours_var_19_time_9,mn_ns_v19_t9,0,mn_ns_v19_t9
991,std_everywhere_var_1_time_0,std_ts_v1_t0,0,std_ts_v1_t0
992,std_everywhere_var_2_time_0,std_ts_v2_t0,0,std_ts_v2_t0
993,std_everywhere_var_3_time_0,std_ts_v3_t0,0,std_ts_v3_t0
994,std_everywhere_var_4_time_0,std_ts_v4_t0,0,std_ts_v4_t0
995,std_everywhere_var_5_time_0,std_ts_v5_t0,0,std_ts_v5_t0
996,std_everywhere_var_6_time_0,std_ts_v6_t0,0,std_ts_v6_t0
997,std_everywhere_var_7_time_0,std_ts_v7_t0,0,std_ts_v7_t0
998,std_everywhere_var_8_time_0,std_ts_v8_t0,0,std_ts_v8_t0
999,std_everywhere_var_9_time_0,std_ts_v9_t0,0,std_ts_v9_t0
1000,std_everywhere_var_10_time_0,std_ts_v10_t0,0,std_ts_v10_t0
1001,std_everywhere_var_11_time_0,std_ts_v11_t0,0,std_ts_v11_t0
1002,std_everywhere_var_12_time_0,std_ts_v12_t0,0,std_ts_v12_t0
1003,std_everywhere_var_13_time_0,std_ts_v13_t0,0,std_ts_v13_t0
1004,std_everywhere_var_14_time_0,std_ts_v14_t0,0,std_ts_v14_t0
1005,std_everywhere_var_15_time_0,std_ts_v15_t0,0,std_ts_v15_t0
1006,std_everywhere_var_16_time_0,std_ts_v16_t0,0,std_ts_v16_t0
1007,std_everywhere_var_17_time_0,std_ts_v17_t0,0,std_ts_v17_t0
1008,std_everywhere_var_18_time_0,std_ts_v18_t0,0,std_ts_v18_t0
1009,std_everywhere_var_19_time_0,std_ts_v19_t0,0,std_ts_v19_t0
1010,std_everywhere_var_1_time_1,std_ts_v1_t1,0,std_ts_v1_t1
1011,std_everywhere_var_2_time_1,std_ts_v2_t1,0,std_ts_v2_t1
1012,std_everywhere_var_3_time_1,std_ts_v3_t1,0,std_ts_v3_t1
1013,std_everywhere_var_4_time_1,std_ts_v4_t1,0,std_ts_v4_t1
1014,std_everywhere_var_5_time_1,std_ts_v5_t1,0,std_ts_v5_t1
1015,std_everywhere_var_6_time_1,std_ts_v6_t1,0,std_ts_v6_t1
1016,std_everywhere_var_7_time_1,std_ts_v7_t1,0,std_ts_v7_t1
1017,std_everywhere_var_8_time_1,std_ts_v8_t1,0,std_ts_v8_t1
1018,std_everywhere_var_9_time_1,std_ts_v9_t1,0,std_ts_v9_t1
1019,std_everywhere_var_10_time_1,std_ts_v10_t1,0,std_ts_v10_t1
1020,std_everywhere_var_11_time_1,std_ts_v11_t1,0,std_ts_v11_t1
1021,std_everywhere_var_12_time_1,std_ts_v12_t1,0,std_ts_v12_t1
1022,std_everywhere_var_13_time_1,std_ts_v13_t1,0,std_ts_v13_t1
1023,std_everywhere_var_14_time_1,std_ts_v14_t1,0,std_ts_v14_t1
1024,std_everywhere_var_15_time_1,std_ts_v15_t1,0,std_ts_v15_t1
1025,std_everywhere_var_16_time_1,std_ts_v16_t1,0,std_ts_v16_t1
1026,std_everywhere_var_17_time_1,std_ts_v17_t1,0,std_ts_v17_t1
1027,std_everywhere_var_18_time_1,std_ts_v18_t1,0,std_ts_v18_t1
1028,std_everywhere_var_19_time_1,std_ts_v19_t1,0,std_ts_v19_t1
1029,std_everywhere_var_1_time_2,std_ts_v1_t2,0,std_ts_v1_t2
1030,std_everywhere_var_2_time_2,std_ts_v2_t2,0,std_ts_v2_t2
1031,std_everywhere_var_3_time_2,std_ts_v3_t2,0,std_ts_v3_t2
1032,std_everywhere_var_4_time_2,std_ts_v4_t2,0,std_ts_v4_t2
1033,std_everywhere_var_5_time_2,std_ts_v5_t2,0,std_ts_v5_t2
1034,std_everywhere_var_6_time_2,std_ts_v6_t2,0,std_ts_v6_t2
1035,std_everywhere_var_7_time_2,std_ts_v7_t2,0,std_ts_v7_t2
1036,std_everywhere_var_8_time_2,std_ts_v8_t2,0,std_ts_v8_t2
1037,std_everywhere_var_9_time_2,std_ts_v9_t2,0,std_ts_v9_t2
1038,std_everywhere_var_10_time_2,std_ts_v10_t2,0,std_ts_v10_t2
1039,std_everywhere_var_11_time_2,std_ts_v11_t2,0,std_ts_v11_t2
1040,std_everywhere_var_12_time_2,std_ts_v12_t2,0,std_ts_v12_t2
1041,std_everywhere_var_13_time_2,std_ts_v13_t2,0,std_ts_v13_t2
1042,std_everywhere_var_14_time_2,std_ts_v14_t2,0,std_ts_v14_t2
1043,std_everywhere_var_15_time_2,std_ts_v15_t2,0,std_ts_v15_t2
1044,std_everywhere_var_16_time_2,std_ts_v16_t2,0,std_ts_v16_t2
1045,std_everywhere_var_17_time_2,std_ts_v17_t2,0,std_ts_v17_t2
1046,std_everywhere_var_18_time_2,std_ts_v18_t2,0,std_ts_v18_t2
1047,std_everywhere_var_19_time_2,std_ts_v19_t2,0,std_ts_v19_t2
1048,std_everywhere_var_1_time_3,std_ts_v1_t3,0,std_ts_v1_t3
1049,std_everywhere_var_2_time_3,std_ts_v2_t3,0,std_ts_v2_t3
1050,std_everywhere_var_3_time_3,std_ts_v3_t3,0,std_ts_v3_t3
1051,std_everywhere_var_4_time_3,std_ts_v4_t3,0,std_ts_v4_t3
1052,std_everywhere_var_5_time_3,std_ts_v5_t3,0,std_ts_v5_t3
1053,std_everywhere_var_6_time_3,std_ts_v6_t3,0,std_ts_v6_t3
1054,std_everywhere_var_7_time_3,std_ts_v7_t3,0,std_ts_v7_t3
1055,std_everywhere_var_8_time_3,std_ts_v8_t3,0,std_ts_v8_t3
1056,std_everywhere_var_9_time_3,std_ts_v9_t3,0,std_ts_v9_t3
1057,std_everywhere_var_10_time_3,std_ts_v10_t3,0,std_ts_v10_t3
1058,std_everywhere_var_11_time_3,std_ts_v11_t3,0,std_ts_v11_t3
1059,std_everywhere_var_12_time_3,std_ts_v12_t3,0,std_ts_v12_t3
1060,std_everywhere_var_13_time_3,std_ts_v13_t3,0,std_ts_v13_t3
1061,std_everywhere_var_14_time_3,std_ts_v14_t3,0,std_ts_v14_t3
1062,std_everywhere_var_15_time_3,std_ts_v15_t3,0,std_ts_v15_t3
1063,std_everywhere_var_16_time_3,std_ts_v16_t3,0,std_ts_v16_t3
1064,std_everywhere_var_17_time_3,std_ts_v17_t3,0,std_ts_v17_t3
1065,std_everywhere_var_18_time_3,std_ts_v18_t3,0,std_ts_v18_t3
1066,std_everywhere_var_19_time_3,std_ts_v19_t3,0,std_ts_v19_t3
1067,std_everywhere_var_1_time_4,std_ts_v1_t4,0,std_ts_v1_t4
1068,std_everywhere_var_2_time_4,std_ts_v2_t4,0,std_ts_v2_t4
1069,std_everywhere_var_3_time_4,std_ts_v3_t4,0,std_ts_v3_t4
1070,std_everywhere_var_4_time_4,std_ts_v4_t4,0,std_ts_v4_t4
1071,std_everywhere_var_5_time_4,std_ts_v5_t4,0,std_ts_v5_t4
1072,std_everywhere_var_6_time_4,std_ts_v6_t4,0,std_ts_v6_t4
1073,std_everywhere_var_7_time_4,std_ts_v7_t4,0,std_ts_v7_t4
1074,std_everywhere_var_8_time_4,std_ts_v8_t4,0,std_ts_v8_t4
1075,std_everywhere_var_9_time_4,std_ts_v9_t4,0,std_ts_v9_t4
1076,std_everywhere_var_10_time_4,std_ts_v10_t4,0,std_ts_v10_t4
1077,std_everywhere_var_11_time_4,std_ts_v11_t4,0,std_ts_v11_t4
1078,std_everywhere_var_12_time_4,std_ts_v12_t4,0,std_ts_v12_t4
1079,std_everywhere_var_13_time_4,std_ts_v13_t4,0,std_ts_v13_t4
1080,std_everywhere_var_14_time_4,std_ts_v14_t4,0,std_ts_v14_t4
1081,std_everywhere_var_15_time_4,std_ts_v15_t4,0,std_ts_v15_t4
1082,std_everywhere_var_16_time_4,std_ts_v16_t4,0,std_ts_v16_t4
1083,std_everywhere_var_17_time_4,std_ts_v17_t4,0,std_ts_v17_t4
1084,std_everywhere_var_18_time_4,std_ts_v18_t4,0,std_ts_v18_t4
1085,std_everywhere_var_19_time_4,std_ts_v19_t4,0,std_ts_v19_t4
1086,std_everywhere_var_1_time_5,std_ts_v1_t5,0,std_ts_v1_t5
1087,std_everywhere_var_2_time_5,std_ts_v2_t5,0,std_ts_v2_t5
1088,std_everywhere_var_3_time_5,std_ts_v3_t5,0,std_ts_v3_t5
1089,std_everywhere_var_4_time_5,std_ts_v4_t5,0,std_ts_v4_t5
1090,std_everywhere_var_5_time_5,std_ts_v5_t5,0,std_ts_v5_t5
1091,std_everywhere_var_6_time_5,std_ts_v6_t5,0,std_ts_v6_t5
1092,std_everywhere_var_7_time_5,std_ts_v7_t5,0,std_ts_v7_t5
1093,std_everywhere_var_8_time_5,std_ts_v8_t5,0,std_ts_v8_t5
1094,std_everywhere_var_9_time_5,std_ts_v9_t5,0,std_ts_v9_t5
1095,std_everywhere_var_10_time_5,std_ts_v10_t5,0,std_ts_v10_t5
1096,std_everywhere_var_11_time_5,std_ts_v11_t5,0,std_ts_v11_t5
1097,std_everywhere_var_12_time_5,std_ts_v12_t5,0,std_ts_v12_t5
1098,std_everywhere_var_13_time_5,std_ts_v13_t5,0,std_ts_v13_t5
1099,std_everywhere_var_14_time_5,std_ts_v14_t5,0,std_ts_v14_t5
1100,std_everywhere_var_15_time_5,std_ts_v15_t5,0,std_ts_v15_t5
1101,std_everywhere_var_16_time_5,std_ts_v16_t5,0,std_ts_v16_t5
1102,std_everywhere_var_17_time_5,std_ts_v17_t5,0,std_ts_v17_t5
1103,std_everywhere_var_18_time_5,std_ts_v18_t5,0,std_ts_v18_t5
1104,std_everywhere_var_19_time_5,std_ts_v19_t5,0,std_ts_v19_t5
1105,std_everywhere_var_1_time_6,std_ts_v1_t6,0,std_ts_v1_t6
1106,std_everywhere_var_2_time_6,std_ts_v2_t6,0,std_ts_v2_t6
1107,std_everywhere_var_3_time_6,std_ts_v3_t6,0,std_ts_v3_t6
1108,std_everywhere_var_4_time_6,std_ts_v4_t6,0,std_ts_v4_t6
1109,std_everywhere_var_5_time_6,std_ts_v5_t6,0,std_ts_v5_t6
1110,std_everywhere_var_6_time_6,std_ts_v6_t6,0,std_ts_v6_t6
1111,std_everywhere_var_7_time_6,std_ts_v7_t6,0,std_ts_v7_t6
1112,std_everywhere_var_8_time_6,std_ts_v8_t6,0,std_ts_v8_t6
1113,std_everywhere_var_9_time_6,std_ts_v9_t6,0,std_ts_v9_t6
1114,std_everywhere_var_10_time_6,std_ts_v10_t6,0,std_ts_v10_t6
1115,std_everywhere_var_11_time_6,std_ts_v11_t6,0,std_ts_v11_t6
1116,std_everywhere_var_12_time_6,std_ts_v12_t6,0,std_ts_v12_t6
1117,std_everywhere_var_13_time_6,std_ts_v13_t6,0,std_ts_v13_t6
1118,std_everywhere_var_14_time_6,std_ts_v14_t6,0,std_ts_v14_t6
1119,std_everywhere_var_15_time_6,std_ts_v15_t6,0,std_ts_v15_t6
1120,std_everywhere_var_16_time_6,std_ts_v16_t6,0,std_ts_v16_t6
1121,std_everywhere_var_17_time_6,std_ts_v17_t6,0,std_ts_v17_t6
1122,std_everywhere_var_18_time_6,std_ts_v18_t6,0,std_ts_v18_t6
1123,std_everywhere_var_19_time_6,std_ts_v19_t6,0,std_ts_v19_t6
1124,std_everywhere_var_1_time_7,std_ts_v1_t7,0,std_ts_v1_t7
1125,std_everywhere_var_2_time_7,std_ts_v2_t7,0,std_ts_v2_t7
1126,std_everywhere_var_3_time_7,std_ts_v3_t7,0,std_ts_v3_t7
1127,std_everywhere_var_4_time_7,std_ts_v4_t7,0,std_ts_v4_t7
1128,std_everywhere_var_5_time_7,std_ts_v5_t7,0,std_ts_v5_t7
1129,std_everywhere_var_6_time_7,std_ts_v6_t7,0,std_ts_v6_t7
1130,std_everywhere_var_7_time_7,std_ts_v7_t7,0,std_ts_v7_t7
1131,std_everywhere_var_8_time_7,std_ts_v8_t7,0,std_ts_v8_t7
1132,std_everywhere_var_9_time_7,std_ts_v9_t7,0,std_ts_v9_t7
1133,std_everywhere_var_10_time_7,std_ts_v10_t7,0,std_ts_v10_t7
1134,std_everywhere_var_11_time_7,std_ts_v11_t7,0,std_ts_v11_t7
1135,std_everywhere_var_12_time_7,std_ts_v12_t7,0,std_ts_v12_t7
1136,std_everywhere_var_13_time_7,std_ts_v13_t7,0,std_ts_v13_t7
1137,std_everywhere_var_14_time_7,std_ts_v14_t7,0,std_ts_v14_t7
1138,std_everywhere_var_15_time_7,std_ts_v15_t7,0,std_ts_v15_t7
1139,std_everywhere_var_16_time_7,std_ts_v16_t7,0,std_ts_v16_t7
1140,std_everywhere_var_17_time_7,std_ts_v17_t7,0,std_ts_v17_t7
1141,std_everywhere_var_18_time_7,std_ts_v18_t7,0,std_ts_v18_t7
1142,std_everywhere_var_19_time_7,std_ts_v19_t7,0,std_ts_v19_t7
1143,std_everywhere_var_1_time_8,std_ts_v1_t8,0,std_ts_v1_t8
1144,std_everywhere_var_2_time_8,std_ts_v2_t8,0,std_ts_v2_t8
1145,std_everywhere_var_3_time_8,std_ts_v3_t8,0,std_ts_v3_t8
1146,std_everywhere_var_4_time_8,std_ts_v4_t8,0,std_ts_v4_t8
1147,std_everywhere_var_5_time_8,std_ts_v5_t8,0,std_ts_v5_t8
1148,std_everywhere_var_6_time_8,std_ts_v6_t8,0,std_ts_v6_t8
1149,std_everywhere_var_7_time_8,std_ts_v7_t8,0,std_ts_v7_t8
1150,std_everywhere_var_8_time_8,std_ts_v8_t8,0,std_ts_v8_t8
1151,std_everywhere_var_9_time_8,std_ts_v9_t8,0,std_ts_v9_t8
1152,std_everywhere_var_10_time_8,std_ts_v10_t8,0,std_ts_v10_t8
1153,std_everywhere_var_11_time_8,std_ts_v11_t8,0,std_ts_v11_t8
1154,std_everywhere_var_12_time_8,std_ts_v12_t8,0,std_ts_v12_t8
1155,std_everywhere_var_13_time_8,std_ts_v13_t8,0,std_ts_v13_t8
1156,std_everywhere_var_14_time_8,std_ts_v14_t8,0,std_ts_v14_t8
1157,std_everywhere_var_15_time_8,std_ts_v15_t8,0,std_ts_v15_t8
1158,std_everywhere_var_16_time_8,std_ts_v16_t8,0,std_ts_v16_t8
1159,std_everywhere_var_17_time_8,std_ts_v17_t8,0,std_ts_v17_t8
1160,std_everywhere_var_18_time_8,std_ts_v18_t8,0,std_ts_v18_t8
1161,std_everywhere_var_19_time_8,std_ts_v19_t8,0,std_ts_v19_t8
1162,std_everywhere_var_1_time_9,std_ts_v1_t9,0,std_ts_v1_t9
1163,std_everywhere_var_2_time_9,std_ts_v2_t9,0,std_ts_v2_t9
1164,std_everywhere_var_3_time_9,std_ts_v3_t9,0,std_ts_v3_t9
1165,std_everywhere_var_4_time_9,std_ts_v4_t9,0,std_ts_v4_t9
1166,std_everywhere_var_5_time_9,std_ts_v5_t9,0,std_ts_v5_t9
1167,std_everywhere_var_6_time_9,std_ts_v6_t9,0,std_ts_v6_t9
1168,std_everywhere_var_7_time_9,std_ts_v7_t9,0,std_ts_v7_t9
1169,std_everywhere_var_8_time_9,std_ts_v8_t9,0,std_ts_v8_t9
1170,std_everywhere_var_9_time_9,std_ts_v9_t9,0,std_ts_v9_t9
1171,std_everywhere_var_10_time_9,std_ts_v10_t9,0,std_ts_v10_t9
1172,std_everywhere_var_11_time_9,std_ts_v11_t9,0,std_ts_v11_t9
1173,std_everywhere_var_12_time_9,std_ts_v12_t9,0,std_ts_v12_t9
1174,std_everywhere_var_13_time_9,std_ts_v13_t9,0,std_ts_v13_t9
1175,std_everywhere_var_14_time_9,std_ts_v14_t9,0,std_ts_v14_t9
1176,std_everywhere_var_15_time_9,std_ts_v15_t9,0,std_ts_v15_t9
1177,std_everywhere_var_16_time_9,std_ts_v16_t9,0,std_ts_v16_t9
1178,std_everywhere_var_17_time_9,std_ts_v17_t9,0,std_ts_v17_t9
1179,std_everywhere_var_18_time_9,std_ts_v18_t9,0,std_ts_v18_t9
1180,std_everywhere_var_19_time_9,std_ts_v19_t9,0,std_ts_v19_t9
1181,std_under_cloud_var_1_time_0,std_uc_v1_t0,1,std_uc_v1_t0*
1182,std_under_cloud_var_2_time_0,std_uc_v2_t0,1,std_uc_v2_t0*
1183,std_under_cloud_var_3_time_0,std_uc_v3_t0,1,std_uc_v3_t0*
1184,std_under_cloud_var_4_time_0,std_uc_v4_t0,1,std_uc_v4_t0*
1185,std_under_cloud_var_5_time_0,std_uc_v5_t0,1,std_uc_v5_t0*
1186,std_under_cloud_var_6_time_0,std_uc_v6_t0,1,std_uc_v6_t0*
1187,std_under_cloud_var_7_time_0,std_uc_v7_t0,1,std_uc_v7_t0*
1188,std_under_cloud_var_8_time_0,std_uc_v8_t0,1,std_uc_v8_t0*
1189,std_under_cloud_var_9_time_0,std_uc_v9_t0,1,std_uc_v9_t0*
1190,std_under_cloud_var_10_time_0,std_uc_v10_t0,1,std_uc_v10_t0*
1191,std_under_cloud_var_11_time_0,std_uc_v11_t0,1,std_uc_v11_t0*
1192,std_under_cloud_var_12_time_0,std_uc_v12_t0,1,std_uc_v12_t0*
1193,std_under_cloud_var_13_time_0,std_uc_v13_t0,1,std_uc_v13_t0*
1194,std_under_cloud_var_14_time_0,std_uc_v14_t0,1,std_uc_v14_t0*
1195,std_under_cloud_var_15_time_0,std_uc_v15_t0,1,std_uc_v15_t0*
1196,std_under_cloud_var_16_time_0,std_uc_v16_t0,1,std_uc_v16_t0*
1197,std_under_cloud_var_17_time_0,std_uc_v17_t0,1,std_uc_v17_t0*
1198,std_under_cloud_var_18_time_0,std_uc_v18_t0,1,std_uc_v18_t0*
1199,std_under_cloud_var_19_time_0,std_uc_v19_t0,1,std_uc_v19_t0*
1200,std_under_cloud_var_1_time_1,std_uc_v1_t1,1,std_uc_v1_t1*
1201,std_under_cloud_var_2_time_1,std_uc_v2_t1,1,std_uc_v2_t1*
1202,std_under_cloud_var_3_time_1,std_uc_v3_t1,1,std_uc_v3_t1*
1203,std_under_cloud_var_4_time_1,std_uc_v4_t1,1,std_uc_v4_t1*
1204,std_under_cloud_var_5_time_1,std_uc_v5_t1,1,std_uc_v5_t1*
1205,std_under_cloud_var_6_time_1,std_uc_v6_t1,1,std_uc_v6_t1*
1206,std_under_cloud_var_7_time_1,std_uc_v7_t1,1,std_uc_v7_t1*
1207,std_under_cloud_var_8_time_1,std_uc_v8_t1,1,std_uc_v8_t1*
1208,std_under_cloud_var_9_time_1,std_uc_v9_t1,1,std_uc_v9_t1*
1209,std_under_cloud_var_10_time_1,std_uc_v10_t1,1,std_uc_v10_t1*
1210,std_under_cloud_var_11_time_1,std_uc_v11_t1,1,std_uc_v11_t1*
1211,std_under_cloud_var_12_time_1,std_uc_v12_t1,1,std_uc_v12_t1*
1212,std_under_cloud_var_13_time_1,std_uc_v13_t1,1,std_uc_v13_t1*
1213,std_under_cloud_var_14_time_1,std_uc_v14_t1,1,std_uc_v14_t1*
1214,std_under_cloud_var_15_time_1,std_uc_v15_t1,1,std_uc_v15_t1*
1215,std_under_cloud_var_16_time_1,std_uc_v16_t1,1,std_uc_v16_t1*
1216,std_under_cloud_var_17_time_1,std_uc_v17_t1,1,std_uc_v17_t1*
1217,std_under_cloud_var_18_time_1,std_uc_v18_t1,1,std_uc_v18_t1*
1218,std_under_cloud_var_19_time_1,std_uc_v19_t1,1,std_uc_v19_t1*
1219,std_under_cloud_var_1_time_2,std_uc_v1_t2,1,std_uc_v1_t2*
1220,std_under_cloud_var_2_time_2,std_uc_v2_t2,1,std_uc_v2_t2*
1221,std_under_cloud_var_3_time_2,std_uc_v3_t2,1,std_uc_v3_t2*
1222,std_under_cloud_var_4_time_2,std_uc_v4_t2,1,std_uc_v4_t2*
1223,std_under_cloud_var_5_time_2,std_uc_v5_t2,1,std_uc_v5_t2*
1224,std_under_cloud_var_6_time_2,std_uc_v6_t2,1,std_uc_v6_t2*
1225,std_under_cloud_var_7_time_2,std_uc_v7_t2,1,std_uc_v7_t2*
1226,std_under_cloud_var_8_time_2,std_uc_v8_t2,1,std_uc_v8_t2*
1227,std_under_cloud_var_9_time_2,std_uc_v9_t2,1,std_uc_v9_t2*
1228,std_under_cloud_var_10_time_2,std_uc_v10_t2,1,std_uc_v10_t2*
1229,std_under_cloud_var_11_time_2,std_uc_v11_t2,1,std_uc_v11_t2*
1230,std_under_cloud_var_12_time_2,std_uc_v12_t2,1,std_uc_v12_t2*
1231,std_under_cloud_var_13_time_2,std_uc_v13_t2,1,std_uc_v13_t2*
1232,std_under_cloud_var_14_time_2,std_uc_v14_t2,1,std_uc_v14_t2*
1233,std_under_cloud_var_15_time_2,std_uc_v15_t2,1,std_uc_v15_t2*
1234,std_under_cloud_var_16_time_2,std_uc_v16_t2,1,std_uc_v16_t2*
1235,std_under_cloud_var_17_time_2,std_uc_v17_t2,1,std_uc_v17_t2*
1236,std_under_cloud_var_18_time_2,std_uc_v18_t2,1,std_uc_v18_t2*
1237,std_under_cloud_var_19_time_2,std_uc_v19_t2,1,std_uc_v19_t2*
1238,std_under_cloud_var_1_time_3,std_uc_v1_t3,1,std_uc_v1_t3*
1239,std_under_cloud_var_2_time_3,std_uc_v2_t3,1,std_uc_v2_t3*
1240,std_under_cloud_var_3_time_3,std_uc_v3_t3,1,std_uc_v3_t3*
1241,std_under_cloud_var_4_time_3,std_uc_v4_t3,1,std_uc_v4_t3*
1242,std_under_cloud_var_5_time_3,std_uc_v5_t3,1,std_uc_v5_t3*
1243,std_under_cloud_var_6_time_3,std_uc_v6_t3,1,std_uc_v6_t3*
1244,std_under_cloud_var_7_time_3,std_uc_v7_t3,1,std_uc_v7_t3*
1245,std_under_cloud_var_8_time_3,std_uc_v8_t3,1,std_uc_v8_t3*
1246,std_under_cloud_var_9_time_3,std_uc_v9_t3,1,std_uc_v9_t3*
1247,std_under_cloud_var_10_time_3,std_uc_v10_t3,1,std_uc_v10_t3*
1248,std_under_cloud_var_11_time_3,std_uc_v11_t3,1,std_uc_v11_t3*
1249,std_under_cloud_var_12_time_3,std_uc_v12_t3,1,std_uc_v12_t3*
1250,std_under_cloud_var_13_time_3,std_uc_v13_t3,1,std_uc_v13_t3*
1251,std_under_cloud_var_14_time_3,std_uc_v14_t3,1,std_uc_v14_t3*
1252,std_under_cloud_var_15_time_3,std_uc_v15_t3,1,std_uc_v15_t3*
1253,std_under_cloud_var_16_time_3,std_uc_v16_t3,1,std_uc_v16_t3*
1254,std_under_cloud_var_17_time_3,std_uc_v17_t3,1,std_uc_v17_t3*
1255,std_under_cloud_var_18_time_3,std_uc_v18_t3,1,std_uc_v18_t3*
1256,std_under_cloud_var_19_time_3,std_uc_v19_t3,1,std_uc_v19_t3*
1257,std_under_cloud_var_1_time_4,std_uc_v1_t4,1,std_uc_v1_t4*
1258,std_under_cloud_var_2_time_4,std_uc_v2_t4,1,std_uc_v2_t4*
1259,std_under_cloud_var_3_time_4,std_uc_v3_t4,1,std_uc_v3_t4*
1260,std_under_cloud_var_4_time_4,std_uc_v4_t4,1,std_uc_v4_t4*
1261,std_under_cloud_var_5_time_4,std_uc_v5_t4,1,std_uc_v5_t4*
1262,std_under_cloud_var_6_time_4,std_uc_v6_t4,1,std_uc_v6_t4*
1263,std_under_cloud_var_7_time_4,std_uc_v7_t4,1,std_uc_v7_t4*
1264,std_under_cloud_var_8_time_4,std_uc_v8_t4,1,std_uc_v8_t4*
1265,std_under_cloud_var_9_time_4,std_uc_v9_t4,1,std_uc_v9_t4*
1266,std_under_cloud_var_10_time_4,std_uc_v10_t4,1,std_uc_v10_t4*
1267,std_under_cloud_var_11_time_4,std_uc_v11_t4,1,std_uc_v11_t4*
1268,std_under_cloud_var_12_time_4,std_uc_v12_t4,1,std_uc_v12_t4*
1269,std_under_cloud_var_13_time_4,std_uc_v13_t4,1,std_uc_v13_t4*
1270,std_under_cloud_var_14_time_4,std_uc_v14_t4,1,std_uc_v14_t4*
1271,std_under_cloud_var_15_time_4,std_uc_v15_t4,1,std_uc_v15_t4*
1272,std_under_cloud_var_16_time_4,std_uc_v16_t4,1,std_uc_v16_t4*
1273,std_under_cloud_var_17_time_4,std_uc_v17_t4,1,std_uc_v17_t4*
1274,std_under_cloud_var_18_time_4,std_uc_v18_t4,1,std_uc_v18_t4*
1275,std_under_cloud_var_19_time_4,std_uc_v19_t4,1,std_uc_v19_t4*
1276,std_under_cloud_var_1_time_5,std_uc_v1_t5,1,std_uc_v1_t5*
1277,std_under_cloud_var_2_time_5,std_uc_v2_t5,1,std_uc_v2_t5*
1278,std_under_cloud_var_3_time_5,std_uc_v3_t5,1,std_uc_v3_t5*
1279,std_under_cloud_var_4_time_5,std_uc_v4_t5,1,std_uc_v4_t5*
1280,std_under_cloud_var_5_time_5,std_uc_v5_t5,1,std_uc_v5_t5*
1281,std_under_cloud_var_6_time_5,std_uc_v6_t5,1,std_uc_v6_t5*
1282,std_under_cloud_var_7_time_5,std_uc_v7_t5,1,std_uc_v7_t5*
1283,std_under_cloud_var_8_time_5,std_uc_v8_t5,1,std_uc_v8_t5*
1284,std_under_cloud_var_9_time_5,std_uc_v9_t5,1,std_uc_v9_t5*
1285,std_under_cloud_var_10_time_5,std_uc_v10_t5,1,std_uc_v10_t5*
1286,std_under_cloud_var_11_time_5,std_uc_v11_t5,1,std_uc_v11_t5*
1287,std_under_cloud_var_12_time_5,std_uc_v12_t5,1,std_uc_v12_t5*
1288,std_under_cloud_var_13_time_5,std_uc_v13_t5,1,std_uc_v13_t5*
1289,std_under_cloud_var_14_time_5,std_uc_v14_t5,1,std_uc_v14_t5*
1290,std_under_cloud_var_15_time_5,std_uc_v15_t5,1,std_uc_v15_t5*
1291,std_under_cloud_var_16_time_5,std_uc_v16_t5,1,std_uc_v16_t5*
1292,std_under_cloud_var_17_time_5,std_uc_v17_t5,1,std_uc_v17_t5*
1293,std_under_cloud_var_18_time_5,std_uc_v18_t5,1,std_uc_v18_t5*
1294,std_under_cloud_var_19_time_5,std_uc_v19_t5,1,std_uc_v19_t5*
1295,std_under_cloud_var_1_time_6,std_uc_v1_t6,1,std_uc_v1_t6*
1296,std_under_cloud_var_2_time_6,std_uc_v2_t6,1,std_uc_v2_t6*
1297,std_under_cloud_var_3_time_6,std_uc_v3_t6,1,std_uc_v3_t6*
1298,std_under_cloud_var_4_time_6,std_uc_v4_t6,1,std_uc_v4_t6*
1299,std_under_cloud_var_5_time_6,std_uc_v5_t6,1,std_uc_v5_t6*
1300,std_under_cloud_var_6_time_6,std_uc_v6_t6,1,std_uc_v6_t6*
1301,std_under_cloud_var_7_time_6,std_uc_v7_t6,1,std_uc_v7_t6*
1302,std_under_cloud_var_8_time_6,std_uc_v8_t6,1,std_uc_v8_t6*
1303,std_under_cloud_var_9_time_6,std_uc_v9_t6,1,std_uc_v9_t6*
1304,std_under_cloud_var_10_time_6,std_uc_v10_t6,1,std_uc_v10_t6*
1305,std_under_cloud_var_11_time_6,std_uc_v11_t6,1,std_uc_v11_t6*
1306,std_under_cloud_var_12_time_6,std_uc_v12_t6,1,std_uc_v12_t6*
1307,std_under_cloud_var_13_time_6,std_uc_v13_t6,1,std_uc_v13_t6*
1308,std_under_cloud_var_14_time_6,std_uc_v14_t6,1,std_uc_v14_t6*
1309,std_under_cloud_var_15_time_6,std_uc_v15_t6,1,std_uc_v15_t6*
1310,std_under_cloud_var_16_time_6,std_uc_v16_t6,1,std_uc_v16_t6*
1311,std_under_cloud_var_17_time_6,std_uc_v17_t6,1,std_uc_v17_t6*
1312,std_under_cloud_var_18_time_6,std_uc_v18_t6,1,std_uc_v18_t6*
1313,std_under_cloud_var_19_time_6,std_uc_v19_t6,1,std_uc_v19_t6*
1314,std_under_cloud_var_1_time_7,std_uc_v1_t7,1,std_uc_v1_t7*
1315,std_under_cloud_var_2_time_7,std_uc_v2_t7,1,std_uc_v2_t7*
1316,std_under_cloud_var_3_time_7,std_uc_v3_t7,1,std_uc_v3_t7*
1317,std_under_cloud_var_4_time_7,std_uc_v4_t7,1,std_uc_v4_t7*
1318,std_under_cloud_var_5_time_7,std_uc_v5_t7,1,std_uc_v5_t7*
1319,std_under_cloud_var_6_time_7,std_uc_v6_t7,1,std_uc_v6_t7*
1320,std_under_cloud_var_7_time_7,std_uc_v7_t7,1,std_uc_v7_t7*
1321,std_under_cloud_var_8_time_7,std_uc_v8_t7,1,std_uc_v8_t7*
1322,std_under_cloud_var_9_time_7,std_uc_v9_t7,1,std_uc_v9_t7*
1323,std_under_cloud_var_10_time_7,std_uc_v10_t7,1,std_uc_v10_t7*
1324,std_under_cloud_var_11_time_7,std_uc_v11_t7,1,std_uc_v11_t7*
1325,std_under_cloud_var_12_time_7,std_uc_v12_t7,1,std_uc_v12_t7*
1326,std_under_cloud_var_13_time_7,std_uc_v13_t7,1,std_uc_v13_t7*
1327,std_under_cloud_var_14_time_7,std_uc_v14_t7,1,std_uc_v14_t7*
1328,std_under_cloud_var_15_time_7,std_uc_v15_t7,1,std_uc_v15_t7*
1329,std_under_cloud_var_16_time_7,std_uc_v16_t7,1,std_uc_v16_t7*
1330,std_under_cloud_var_17_time_7,std_uc_v17_t7,1,std_uc_v17_t7*
1331,std_under_cloud_var_18_time_7,std_uc_v18_t7,1,std_uc_v18_t7*
1332,std_under_cloud_var_19_time_7,std_uc_v19_t7,1,std_uc_v19_t7*
1333,std_under_cloud_var_1_time_8,std_uc_v1_t8,1,std_uc_v1_t8*
1334,std_under_cloud_var_2_time_8,std_uc_v2_t8,1,std_uc_v2_t8*
1335,std_under_cloud_var_3_time_8,std_uc_v3_t8,1,std_uc_v3_t8*
1336,std_under_cloud_var_4_time_8,std_uc_v4_t8,1,std_uc_v4_t8*
1337,std_under_cloud_var_5_time_8,std_uc_v5_t8,1,std_uc_v5_t8*
1338,std_under_cloud_var_6_time_8,std_uc_v6_t8,1,std_uc_v6_t8*
1339,std_under_cloud_var_7_time_8,std_uc_v7_t8,1,std_uc_v7_t8*
1340,std_under_cloud_var_8_time_8,std_uc_v8_t8,1,std_uc_v8_t8*
1341,std_under_cloud_var_9_time_8,std_uc_v9_t8,1,std_uc_v9_t8*
1342,std_under_cloud_var_10_time_8,std_uc_v10_t8,1,std_uc_v10_t8*
1343,std_under_cloud_var_11_time_8,std_uc_v11_t8,1,std_uc_v11_t8*
1344,std_under_cloud_var_12_time_8,std_uc_v12_t8,1,std_uc_v12_t8*
1345,std_under_cloud_var_13_time_8,std_uc_v13_t8,1,std_uc_v13_t8*
1346,std_under_cloud_var_14_time_8,std_uc_v14_t8,1,std_uc_v14_t8*
1347,std_under_cloud_var_15_time_8,std_uc_v15_t8,1,std_uc_v15_t8*
1348,std_under_cloud_var_16_time_8,std_uc_v16_t8,1,std_uc_v16_t8*
1349,std_under_cloud_var_17_time_8,std_uc_v17_t8,1,std_uc_v17_t8*
1350,std_under_cloud_var_18_time_8,std_uc_v18_t8,1,std_uc_v18_t8*
1351,std_under_cloud_var_19_time_8,std_uc_v19_t8,1,std_uc_v19_t8*
1352,std_under_cloud_var_1_time_9,std_uc_v1_t9,1,std_uc_v1_t9*
1353,std_under_cloud_var_2_time_9,std_uc_v2_t9,1,std_uc_v2_t9*
1354,std_under_cloud_var_3_time_9,std_uc_v3_t9,1,std_uc_v3_t9*
1355,std_under_cloud_var_4_time_9,std_uc_v4_t9,1,std_uc_v4_t9*
1356,std_under_cloud_var_5_time_9,std_uc_v5_t9,1,std_uc_v5_t9*
1357,std_under_cloud_var_6_time_9,std_uc_v6_t9,1,std_uc_v6_t9*
1358,std_under_cloud_var_7_time_9,std_uc_v7_t9,1,std_uc_v7_t9*
1359,std_under_cloud_var_8_time_9,std_uc_v8_t9,1,std_uc_v8_t9*
1360,std_under_cloud_var_9_time_9,std_uc_v9_t9,1,std_uc_v9_t9*
1361,std_under_cloud_var_10_time_9,std_uc_v10_t9,1,std_uc_v10_t9*
1362,std_under_cloud_var_11_time_9,std_uc_v11_t9,1,std_uc_v11_t9*
1363,std_under_cloud_var_12_time_9,std_uc_v12_t9,1,std_uc_v12_t9*
1364,std_under_cloud_var_13_time_9,std_uc_v13_t9,1,std_uc_v13_t9*
1365,std_under_cloud_var_14_time_9,std_uc_v14_t9,1,std_uc_v14_t9*
1366,std_under_cloud_var_15_time_9,std_uc_v15_t9,1,std_uc_v15_t9*
1367,std_under_cloud_var_16_time_9,std_uc_v16_t9,1,std_uc_v16_t9*
1368,std_under_cloud_var_17_time_9,std_uc_v17_t9,1,std_uc_v17_t9*
1369,std_under_cloud_var_18_time_9,std_uc_v18_t9,1,std_uc_v18_t9*
1370,std_under_cloud_var_19_time_9,std_uc_v19_t9,1,std_uc_v19_t9*
1371,label_mcs,label_mcs,0,label_mcs
1372,y_duration,y_duration,0,y_duration
1373,y_max_extend,y_max_extend,0,y_max_extend
